Market Participant Role Code Id,Market Participant Chellow Id,Address Line 1,Effective From Date {MPR},Effective To Date {MPR},Distributor Short Code
6,2,G4S Utility Services (UK) Ltd,2013-12-18 00:00:00+00,,
7,2,G4S Utility Services (UK) Ltd,2003-12-19 00:00:00+00,,
8,2,G4S Utility Services (UK) Ltd,2007-10-12 00:00:00+00,,
11,2,G4S Utility Services (UK) Ltd,1999-10-29 00:00:00+00,,
13,2,G4S Utility Services (UK) Ltd,1999-10-29 00:00:00+00,,
22,2,G4S Utility Services (UK) Ltd,2007-10-12 00:00:00+00,,
31,4,Actaris UK Limited,2004-02-20 00:00:00+00,,
34,8,West Nash,2000-06-05 00:00:00+00,,
33,12,GB Energy Supply Limited,2013-08-14 00:00:00+00,,
7,14,ORSIS UK (Ltd),2008-09-02 00:00:00+00,,
8,14,Orsis UK (Ltd),2007-11-09 00:00:00+00,,
33,15,Ampere Energy Supply Limited,2011-06-15 00:00:00+00,2012-03-14 00:00:00+00,
33,16,Angel Energy Limited,2013-03-20 00:00:00+00,,
33,20,AXIS TELECOM LTD,2012-05-16 00:00:00+00,,
33,21,Axpo UK Limited,2013-05-15 00:00:00+00,,
33,22,Barbican Power Limited,2013-09-18 00:00:00+00,,
33,24,Bayswater Energy Limited,2013-03-20 00:00:00+00,,
1,26,British Gas Trading Ltd,2012-03-14 00:00:00+00,,
6,26,British Gas Trading Ltd,2013-11-20 00:00:00+00,,
22,26,British Gas Trading Ltd,2010-06-16 00:00:00+00,,
33,26,British Gas Trading Ltd,1996-04-01 00:00:00+00,,
33,28,British Gas Trading Ltd,2000-07-07 00:00:00+00,,
7,29,BGlobal Metering Limited,2003-12-19 00:00:00+00,,
8,29,BGlobal Metering Limited,2003-12-19 00:00:00+00,,
10,29,TMA Data Management Ltd,2010-06-16 00:00:00+00,,
11,29,BGlobal Metering Limited,2003-12-19 00:00:00+00,,
12,29,TMA Data Management Ltd,2010-06-16 00:00:00+00,,
13,29,BGlobal Metering Limited,2003-12-19 00:00:00+00,,
22,29,BGlobal Metering Limited,2006-07-01 00:00:00+00,,
22,30,BGlobal Metering Limited,2011-11-16 00:00:00+00,,
1,32,Electricity Plus Supply Limited,2012-09-19 00:00:00+00,,
33,32,Electricity Plus Supply Ltd,2004-11-05 00:00:00+00,,
34,33,Eggborough Power Ltd,2000-03-28 00:00:00+00,,
9,34,BT,2011-02-24 00:00:00+00,,
35,36,1 Embankment Place,1996-04-01 00:00:00+00,,
33,37,Extra Energy Supply Limited,2012-10-17 00:00:00+00,,
8,38,Inexus (Services) Limited,2005-03-25 00:00:00+00,,
22,38,Inexus (Services) Limited,2005-03-25 00:00:00+00,,
16,40,Logica UK Limited,1996-04-01 00:00:00+00,,
30,40,Logica UK Limited,1996-04-01 00:00:00+00,,
34,42,C/o InterGen (UK) Ltd,2000-08-11 00:00:00+00,,
4,48,MRA Service Company Limited,2011-12-14 00:00:00+00,,
7,48,MRA Service Company Limited,2011-12-14 00:00:00+00,,
8,48,MRA Service Company Limited,2011-12-14 00:00:00+00,,
10,48,MRA Service Company Limited,2011-12-14 00:00:00+00,,
11,48,MRA Service Company Limited,2011-12-14 00:00:00+00,,
12,48,MRA Service Company Limited,2011-12-14 00:00:00+00,,
13,48,MRA Service Company Limited,2011-12-14 00:00:00+00,,
19,48,MRA Service Company Limited,2011-12-14 00:00:00+00,,
21,48,MRA Service Company Limited,2011-12-14 00:00:00+00,,
22,48,MRA Service Company Limited,2011-12-14 00:00:00+00,,
25,48,MRA Service Company Limited,2011-12-14 00:00:00+00,,
27,48,MRA Service Company Limited,2011-12-14 00:00:00+00,,97
31,48,MRA Service Company Limited,2011-12-14 00:00:00+00,,
32,48,MRA Service Company Limited,2011-12-14 00:00:00+00,,
4,49,MRA Service Company Limited,2011-12-14 00:00:00+00,,
7,49,MRA Service Company Limited,2011-12-14 00:00:00+00,,
8,49,MRA Service Company Limited,2011-12-14 00:00:00+00,,
10,49,MRA Service Company Limited,2011-12-14 00:00:00+00,,
11,49,MRA Service Company Limited,2011-12-14 00:00:00+00,,
12,49,MRA Service Company Limited,2011-12-14 00:00:00+00,,
13,49,MRA Service Company Limited,2011-12-14 00:00:00+00,,
19,49,MRA Service Company Limited,2011-12-14 00:00:00+00,,
21,49,MRA Service Company Limited,2011-12-14 00:00:00+00,,
22,49,MRA Service Company Limited,2011-12-14 00:00:00+00,,
25,49,MRA Service Company Limited,2011-12-14 00:00:00+00,,
27,49,MRA Service Company Limited,2011-12-14 00:00:00+00,,98
31,49,MRA Service Company Limited,2011-12-14 00:00:00+00,,
32,49,MRA Service Company Limited,2011-12-14 00:00:00+00,,
4,50,MRA Service Company Limited,2011-12-14 00:00:00+00,,
7,50,MRA Service Company Limited,2011-12-14 00:00:00+00,,
8,50,MRA Service Company Limited,2011-12-14 00:00:00+00,,
10,50,MRA Service Company Limited,2011-12-14 00:00:00+00,,
11,50,MRA Service Company Limited,2011-12-14 00:00:00+00,,
12,50,MRA Service Company Limited,2011-12-14 00:00:00+00,,
13,50,MRA Service Company Limited,2011-12-14 00:00:00+00,,
19,50,MRA Service Company Limited,2011-12-14 00:00:00+00,,
21,50,MRA Service Company Limited,2011-12-14 00:00:00+00,,
22,50,MRA Service Company Limited,2011-12-14 00:00:00+00,,
25,50,MRA Service Company Limited,2011-12-14 00:00:00+00,,
27,50,MRA Service Company Limited,2011-12-14 00:00:00+00,,99
31,50,MRA Service Company Limited,2011-12-14 00:00:00+00,,
32,50,MRA Service Company Limited,2011-12-14 00:00:00+00,,
35,50,MRA Service Company Limited,2014-10-15 00:00:00+00,,
1,51,Flow Energy Ltd,2013-05-15 00:00:00+00,,
33,51,Flow Energy Ltd,2011-06-15 00:00:00+00,,
33,52,NEAS Energy Limited,2009-11-18 00:00:00+00,,
1,53,Opus Energy (Corporate) Ltd.,2012-07-20 00:00:00+00,,
33,53,Opus Energy (Corporate) Ltd.,2004-11-05 00:00:00+00,,
33,54,I Supply Energy Limited,2009-06-12 00:00:00+00,,
33,56,Coulomb Energy Supply Limited,2011-06-15 00:00:00+00,,
33,58,Reuben Power Supply Limited,2007-01-01 00:00:00+00,,
8,59,Dummy ID for Customers,2003-03-14 00:00:00+00,,
9,59,Dummy ID for Customers,2012-02-15 00:00:00+00,,
34,60,c/o Entergy Power Group,2000-03-28 00:00:00+00,,
10,61,Siemens Operational Services,1996-04-01 00:00:00+00,,
12,61,Siemens Operational Services,1996-04-01 00:00:00+00,,
22,61,Siemens Operational Services,1996-04-01 00:00:00+00,,
35,62,Data & Communications Company,2013-11-07 00:00:00+00,,
34,64,Windmill Hill Business Park,2000-05-03 00:00:00+00,,
33,67,Donnington Energy Limited,2010-07-14 00:00:00+00,,
34,69,Windmill Hill Business Park,1999-08-20 00:00:00+00,,
33,70,Dual Energy Direct Limited,2010-02-17 00:00:00+00,,
18,71,30 Millbank,1996-04-01 00:00:00+00,,
33,72,BES Commercial Electricity Ltd,2009-11-18 00:00:00+00,,
33,73,British Gas Trading Ltd,2005-03-04 00:00:00+00,,
21,75,C&C Group Holdings Ltd,2006-02-10 00:00:00+00,,
33,76,Reuben Power Supply Limited,2000-01-21 00:00:00+00,,
33,77,Renewable Energy Company Ltd,2002-09-13 00:00:00+00,,
8,78,54 Bengeworth Road,2003-04-17 00:00:00+00,,
33,79,Energy Data Company Ltd,2013-11-20 00:00:00+00,,
2,81,EDF Energy Customers plc,2013-01-16 00:00:00+00,,
3,81,EDF Energy Customers plc,2013-09-18 00:00:00+00,,
8,81,EDF Energy Customer Field Service,2008-06-28 00:00:00+00,,
4,82,UK Power Networks (IDNO),2009-04-16 00:00:00+00,2014-12-17 00:00:00+00,
19,82,UK Power Networks (IDNO),2009-04-16 00:00:00+00,2014-12-17 00:00:00+00,
25,82,UK Power Networks (IDNO),2009-04-16 00:00:00+00,2014-12-17 00:00:00+00,
27,82,UK Power Networks (IDNO),2009-04-16 00:00:00+00,2014-12-17 00:00:00+00,28
32,82,UK Power Networks (IDNO),2009-04-16 00:00:00+00,2014-12-17 00:00:00+00,
33,83,Electricity Direct (UK),1996-04-01 00:00:00+00,,
1,85,E.ON UK,2012-08-15 00:00:00+00,,
4,85,Eastern Power Networks,1996-04-01 00:00:00+00,,
5,85,Wherstead Park,1996-04-01 00:00:00+00,,
7,85,Siemens Operational Services,2004-04-30 00:00:00+00,,
8,85,Eastern Power Networks,2003-04-17 00:00:00+00,,
11,85,Siemens Operational Services,1996-04-01 00:00:00+00,,
13,85,Siemens Operational Services,1996-04-01 00:00:00+00,,
19,85,Eastern Power Networks,1996-04-01 00:00:00+00,,
22,85,Siemens Operational Services,1996-04-01 00:00:00+00,,
25,85,Eastern Power Networks,1996-04-01 00:00:00+00,,
27,85,Eastern Power Networks,1996-04-01 00:00:00+00,,10
31,85,Wherstead Park,1996-04-01 00:00:00+00,,
32,85,Eastern Power Networks,1996-04-01 00:00:00+00,,
33,85,E.ON Energy Ltd,1996-04-01 00:00:00+00,,
1,86,E.ON UK,2012-08-15 00:00:00+00,,
33,86,E.ON Energy Ltd,1998-08-17 00:00:00+00,,
33,87,ECONOMY ENERGY SUPPLY LTD,2014-11-19 00:00:00+00,,
33,88,Economy Energy Trading Limited,2012-03-14 00:00:00+00,,
33,89,Effortless Energy Ltd,2015-01-21 00:00:00+00,,
34,90,Landsdowne House,1999-08-20 00:00:00+00,,
1,93,E.ON UK,2012-08-15 00:00:00+00,,
2,93,E.ON UK,2012-08-15 00:00:00+00,,
3,93,E.ON UK,2012-08-15 00:00:00+00,,
4,93,E.ON UK,1998-11-09 00:00:00+00,,
5,93,Siemens Metering Services,1998-11-09 00:00:00+00,2012-01-18 00:00:00+00,
7,93,Siemens Operational Services,2004-04-30 00:00:00+00,,
8,93,Western Power Distribution East Midlands,2003-05-29 00:00:00+00,,
11,93,E.ON UK Energy Services Limited,1996-04-01 00:00:00+00,,
13,93,E.ON UK Energy Services Limited,1996-04-01 00:00:00+00,,
19,93,Western Power Distribution East Midlands,1998-11-09 00:00:00+00,,
22,93,E.ON UK Energy Services Limited,1996-04-01 00:00:00+00,,
25,93,Western Power Distribution East Midlands,1996-04-01 00:00:00+00,,
27,93,Western Power Distribution East Midlands,1996-04-01 00:00:00+00,,11
31,93,Powergen Energy plc,1999-03-09 00:00:00+00,,
32,93,Western Power Distribution East Midlands,1998-11-09 00:00:00+00,,
33,93,E.ON Energy Ltd,1996-04-01 00:00:00+00,,
34,94,Wherstead park,2000-07-07 00:00:00+00,,
33,96,EPG Energy Ltd,2004-12-10 00:00:00+00,,
33,97,Eneco Energy Trade B.V.,2010-03-17 00:00:00+00,,
7,98,Energy Assets Ltd,2007-03-09 00:00:00+00,,
1,99,British Gas Trading Ltd,2012-03-14 00:00:00+00,,
33,99,British Gas Trading Ltd,1996-04-01 00:00:00+00,,
1,100,Opus Energy Renewables Limited,2012-07-20 00:00:00+00,,
33,100,Opus Energy Renewables Limited,2010-07-14 00:00:00+00,,
15,102,The National Grid Company Building,1996-04-01 00:00:00+00,,
33,103,Trafford Plaza,2002-08-09 00:00:00+00,,
28,105,Fairham House,1996-04-01 00:00:00+00,,
8,106,Westwood Way,2006-07-01 00:00:00+00,,
22,106,Eon UK Energy Services Ltd,2006-07-28 00:00:00+00,,
35,109,EMR SSP,2015-01-21 00:00:00+00,,
4,110,Electricity Network Company,2008-02-05 00:00:00+00,,
8,110,Energy House,2006-05-26 00:00:00+00,,
19,110,Energy House,2006-05-26 00:00:00+00,,
22,110,Energy House,2006-05-26 00:00:00+00,,
25,110,Energy House,2006-05-26 00:00:00+00,,
27,110,The Electricity Network Company Ltd,2006-05-26 00:00:00+00,,27
34,111,Wilton,1999-08-20 00:00:00+00,,
33,112,Europa Energy Supply Limited,2012-10-17 00:00:00+00,,
33,117,Farmoor Energy Limited,2010-07-14 00:00:00+00,,
33,119,IPM Energy Retail Ltd,2007-12-07 00:00:00+00,,
1,120,First Utility Ltd,2014-08-20 00:00:00+00,,
33,120,First Utility Ltd,2005-12-01 00:00:00+00,,
33,121,F & S Energy Ltd.,2013-01-16 00:00:00+00,,
8,122,19 South Audley Street,2006-10-06 00:00:00+00,,
33,123,LOCO2 Energy Supply Limited,2012-10-17 00:00:00+00,,
34,124,GUS Building,2000-05-03 00:00:00+00,,
3,125,Absolute Insulation Ltd,2013-02-20 00:00:00+00,,
2,126,Acrobat Carbon Services Ltd,2013-05-15 00:00:00+00,,
3,126,Acrobat Carbon Services Ltd,2013-08-14 00:00:00+00,,
2,127,Green Deal Advice 247 Ltd,2012-12-19 00:00:00+00,,
2,128,Advent Energy Management,2013-02-20 00:00:00+00,,
2,129,Astute Funding,2015-01-21 00:00:00+00,,
3,129,Astute Funding,2015-01-21 00:00:00+00,,
2,130,Agility Eco Services Ltd,2013-06-19 00:00:00+00,,
3,130,Agility Eco Services Ltd,2014-02-19 00:00:00+00,,
2,131,Anglian Home Improvements,2012-07-18 00:00:00+00,,
3,131,Anglian Home Improvements,2012-07-18 00:00:00+00,,
2,132,Allkaregreendeal Limited,2013-12-18 00:00:00+00,,
3,132,Allkaregreendeal Limited,2013-12-18 00:00:00+00,,
2,133,Anesco Ltd,2012-10-17 00:00:00+00,,
3,133,Anesco Ltd,2013-03-20 00:00:00+00,,
2,134,Ampere Green Deal Limited,2012-07-18 00:00:00+00,,
3,134,Ampere Green Deal Ltd,2013-10-16 00:00:00+00,,
2,135,AG Energy Solutions Ltd,2013-11-20 00:00:00+00,,
3,135,AG Energy Solutions Ltd,2013-11-20 00:00:00+00,,
2,136,AOS Energy Efficient Heating Systems Ltd,2013-02-20 00:00:00+00,,
3,136,AOS Energy Efficient Heating Systems Ltd,2013-09-18 00:00:00+00,,
2,137,Apple Panels Ltd,2012-10-17 00:00:00+00,,
2,138,Ace Plumbing Ltd,2014-02-19 00:00:00+00,,
3,138,Ace Plumbing Ltd,2014-02-19 00:00:00+00,,
2,139,Aran Services Ltd,2012-11-14 00:00:00+00,,
3,139,Aran Services Ltd,2013-04-17 00:00:00+00,,
2,140,Atlantic Contracting Limited,2013-06-19 00:00:00+00,,
3,140,Atlantic Contracting Limited,2013-06-19 00:00:00+00,,
2,141,Aura Energy Limited,2014-05-14 00:00:00+00,,
3,141,Aura Energy Limited,2014-05-14 00:00:00+00,,
2,142,Apex Green Ltd,2014-12-17 00:00:00+00,,
3,142,Apex Green Ltd,2014-12-17 00:00:00+00,,
2,143,AAA Green Solutions Ltd,2014-07-16 00:00:00+00,,
3,143,AAA Green Solutions Ltd,2014-07-16 00:00:00+00,,
2,144,Bartons of Duke Street,2014-08-20 00:00:00+00,,
3,144,Bartons of Duke Street,2014-08-20 00:00:00+00,,
2,145,Bartons of Duke Street Limited,2013-07-17 00:00:00+00,,
2,146,BritishEco Limited,2012-07-18 00:00:00+00,,
3,146,BritishEco Limited,2012-07-18 00:00:00+00,,
2,147,Centrica Finance (UK) Ltd,2014-02-19 00:00:00+00,,
3,147,Centrica Finance (UK) Ltd,2014-02-19 00:00:00+00,,
2,148,British Gas New Heating,2012-09-19 00:00:00+00,,
3,148,British Gas New Heating,2012-09-19 00:00:00+00,,
2,149,Brook Energy Services Ltd,2014-03-19 00:00:00+00,,
3,149,Brook Energy Services Ltd,2014-03-19 00:00:00+00,,
2,150,BMRE Limited,2014-05-14 00:00:00+00,,
3,150,BMRE Limited,2014-05-14 00:00:00+00,,
2,151,Broad Oak Properties Ltd,2013-08-14 00:00:00+00,,
2,152,GB Energy (Renewables) Ltd,2014-03-19 00:00:00+00,,
3,152,GB Energy (Renewables) Ltd,2014-03-19 00:00:00+00,,
2,153,Myblueskies Limited,2013-12-18 00:00:00+00,,
3,153,Myblueskies Limited,2013-12-18 00:00:00+00,,
2,154,CarbonLow Real Estate Limited,2013-07-17 00:00:00+00,,
3,154,CarbonLow Real Estate Limited,2013-07-17 00:00:00+00,,
2,155,Eco Carbon Print Limited,2014-05-14 00:00:00+00,,
3,155,Eco Carbon Print Limited,2014-05-14 00:00:00+00,,
35,156,MRA Service Company Limited,2012-03-14 00:00:00+00,,
2,157,Countrywide Green Deal Ltd,2013-12-18 00:00:00+00,,
2,158,Carillion Energy Services,2012-07-18 00:00:00+00,,
3,158,Carillion Energy Services,2012-07-18 00:00:00+00,,
2,159,CRG Finance,2013-10-16 00:00:00+00,,
2,160,CG Energy Ltd,2013-10-16 00:00:00+00,,
3,160,CG Energy Ltd,2013-10-16 00:00:00+00,,
2,161,Cornerstone Ltd,2014-02-19 00:00:00+00,,
3,161,Cornerstone Ltd,2014-02-19 00:00:00+00,,
2,162,Clarus Energy Ltd,2014-02-19 00:00:00+00,,
3,162,Clarus Energy Ltd,2014-02-19 00:00:00+00,,
2,163,CarbonLow Real Estate Ltd,2012-07-18 00:00:00+00,,
3,163,CarbonLow Real Estate Ltd,2012-07-18 00:00:00+00,,
2,164,Climate Energy Ltd,2012-11-14 00:00:00+00,,
3,164,Climate Energy Ltd,2012-11-14 00:00:00+00,,
2,165,CertiNergy Ltd,2013-11-20 00:00:00+00,,
3,165,CertiNergy Ltd,2014-10-15 00:00:00+00,,
2,166,The Energy Saving Co-operative,2013-03-20 00:00:00+00,,
2,167,Capital Energy,2012-12-19 00:00:00+00,,
2,168,Cardiff Energy Supply Limited,2014-12-17 00:00:00+00,,
3,168,Cardiff Energy Supply Limited,2014-12-17 00:00:00+00,,
2,169,Solarcrown UK Limited,2013-06-19 00:00:00+00,,
3,169,Solarcrown UK Limited,2014-07-16 00:00:00+00,,
2,170,City Energy South Wales Ltd,2012-09-19 00:00:00+00,,
2,171,Commercial Tech Services Ltd,2013-02-20 00:00:00+00,,
3,171,Commercial Tech Services Ltd,2013-02-20 00:00:00+00,,
2,172,Corporate Support Solutions,2013-09-18 00:00:00+00,,
3,172,Corporate Support Solutions,2013-09-18 00:00:00+00,,
2,173,Cenergist Limited,2014-08-20 00:00:00+00,,
3,173,Cenergist Limited,2014-08-20 00:00:00+00,,
2,174,City Energy Ltd,2014-06-18 00:00:00+00,,
3,174,City Energy Ltd,2014-06-18 00:00:00+00,,
2,175,Deveron Construction Ltd,2013-12-18 00:00:00+00,,
2,176,Green Deal and Eco Funding Ltd,2014-02-19 00:00:00+00,,
3,176,Green Deal and Eco Funding Ltd,2014-02-19 00:00:00+00,,
2,177,Domestic Green Energy Ltd,2013-08-14 00:00:00+00,,
2,178,Domestic & General Heating Ltd,2014-03-19 00:00:00+00,,
3,178,Domestic & General Heating Ltd,2014-03-19 00:00:00+00,,
2,179,Direct Savings (Scotland) Limited,2014-05-14 00:00:00+00,,
3,179,Direct Savings (Scotland) Limited,2014-05-14 00:00:00+00,,
2,180,Green Deal Direct Ltd,2012-11-14 00:00:00+00,,
2,181,Dodd Group (Midlands) Ltd,2014-02-19 00:00:00+00,,
2,182,Domestiv & General,2013-08-14 00:00:00+00,,
2,183,Green Deal Together,2013-10-16 00:00:00+00,,
3,183,Green Deal Together,2013-10-16 00:00:00+00,,
3,184,Green Energy Advisors Ltd,2013-12-18 00:00:00+00,,
2,185,Essex Insulation Ltd,2014-01-22 00:00:00+00,,
3,185,Essex Insulation Ltd,2014-01-22 00:00:00+00,,
2,186,The Big Green Energy Company,2012-10-17 00:00:00+00,,
3,186,The Big Green Energy Company,2013-10-17 00:00:00+00,,
2,187,Eco Deal Ltd,2013-01-16 00:00:00+00,,
3,187,Eco Deal Ltd,2013-09-18 00:00:00+00,,
2,188,Enact Energy Renewables Ltd,2012-07-18 00:00:00+00,,
2,189,Effective Energy Solutions Ltd,2013-05-15 00:00:00+00,,
3,189,Effective Energy Solutions Ltd,2013-08-14 00:00:00+00,,
3,190,Egnida Limited,2013-02-20 00:00:00+00,,
2,191,ECO Home Alternatives Ltd,2014-02-19 00:00:00+00,,
3,191,ECO Home Alternatives Ltd,2014-02-19 00:00:00+00,,
2,192,Elite Supplies Ltd,2013-12-18 00:00:00+00,,
3,192,Elite Supplies Ltd,2013-12-18 00:00:00+00,,
2,193,EcoJoules Ltd,2013-12-18 00:00:00+00,,
3,193,EcoJoules Ltd,2013-12-18 00:00:00+00,,
2,194,Efficient Finance (UK) Ltd,2014-02-19 00:00:00+00,,
3,194,Efficient Finance (UK) Ltd,2014-02-19 00:00:00+00,,
2,195,Energy With Limited,2013-07-17 00:00:00+00,,
2,196,Empower Community Mgt Ltd,2012-07-18 00:00:00+00,,
3,196,Empower Community Mgt Ltd,2012-07-18 00:00:00+00,,
2,197,Enhance Energy Ltd,2012-12-19 00:00:00+00,,
3,197,Enhance Energy Ltd,2013-10-16 00:00:00+00,,
2,198,Gdeco Ltd,2013-11-20 00:00:00+00,,
3,198,Gdeco Ltd,2013-11-20 00:00:00+00,,
2,199,Go-Green Energy (Group) Ltd,2013-10-16 00:00:00+00,,
3,199,Go-Green Energy (Group) Ltd,2013-02-20 00:00:00+00,,
2,200,Encraft,2013-10-16 00:00:00+00,,
3,200,Encraft,2013-10-16 00:00:00+00,,
2,201,Green Deal Energy Services UK,2013-01-16 00:00:00+00,,
3,201,Green Deal Energy Services UK,2013-09-18 00:00:00+00,,
2,202,Energy Trust,2012-11-14 00:00:00+00,,
3,202,Energy Trust,2013-08-14 00:00:00+00,,
2,203,Solar Europa Ltd,2013-02-20 00:00:00+00,,
3,203,Solar Europa Ltd,2013-02-20 00:00:00+00,,
2,204,EvoEnergy Ltd,2013-10-16 00:00:00+00,,
3,204,EvoEnergy Ltd,2013-10-16 00:00:00+00,,
2,205,Efficient Warm Energy Limited,2013-06-19 00:00:00+00,,
2,206,Green Deal Express,2012-11-14 00:00:00+00,,
3,206,Green Deal Express,2013-10-16 00:00:00+00,,
2,207,Everwarm Ltd,2014-12-17 00:00:00+00,,
3,207,Everwarm Ltd,2014-12-17 00:00:00+00,,
2,208,Green Energy Advisors Limited,2014-05-14 00:00:00+00,,
3,208,Green Energy Advisors Limited,2014-05-14 00:00:00+00,,
2,209,The Green Deal Finance Company,2012-08-15 00:00:00+00,,
3,209,The Green Deal Finance Company,2012-08-15 00:00:00+00,,
2,210,1st Green Deal Ltd,2014-11-19 00:00:00+00,,
3,210,1st Green Deal Ltd,2014-11-19 00:00:00+00,,
2,211,FITGAS Ltd,2012-12-19 00:00:00+00,,
3,211,FITGAS Ltd,2012-12-19 00:00:00+00,,
2,212,Green Deal First Ltd,2014-09-17 00:00:00+00,,
3,212,Green Deal First Ltd,2014-09-17 00:00:00+00,,
2,213,Les Forshaw (Northern) Ltd,2013-05-15 00:00:00+00,,
3,213,Les Forshaw (Northern) Ltd,2013-05-15 00:00:00+00,,
2,214,Foster Property Maintenance,2013-01-16 00:00:00+00,,
3,214,Foster Property Maintenance,2013-09-18 00:00:00+00,,
2,215,Freedom Renewables Limited,2013-03-20 00:00:00+00,,
3,216,GDFC Services Limited,2013-02-20 00:00:00+00,,
2,217,Fusion Radiators Ltd,2014-06-18 00:00:00+00,,
3,217,Fusion Radiators Ltd,2014-06-18 00:00:00+00,,
2,218,Foster Renewable Energies Ltd,2014-01-22 00:00:00+00,,
3,218,Foster Renewable Energies Ltd,2014-01-22 00:00:00+00,,
2,219,The Friendly Investment Company PLC,2014-05-14 00:00:00+00,,
3,219,The Friendly Investment Company PLC,2014-05-14 00:00:00+00,,
2,220,Green Assess,2013-02-20 00:00:00+00,,
3,220,Green Assess,2013-09-18 00:00:00+00,,
2,221,Greenbury Energy Limited,2013-03-20 00:00:00+00,,
3,221,Greenbury Energy Limited,2014-04-16 00:00:00+00,,
2,222,Green Deal Factory,2013-08-14 00:00:00+00,,
3,222,Green Deal Factory,2014-02-19 00:00:00+00,,
2,223,GDFC Assets Limited,2013-03-20 00:00:00+00,,
3,223,GDFC Assets Limited,2013-03-20 00:00:00+00,,
2,224,G8 Eco Systems Ltd,2013-09-18 00:00:00+00,,
3,224,G8 Eco Systems Ltd,2013-09-18 00:00:00+00,,
2,225,Green Funding Ltd,2014-12-17 00:00:00+00,,
3,225,Green Funding Ltd,2014-12-17 00:00:00+00,,
2,226,Grafton Group,2012-07-18 00:00:00+00,,
3,226,Grafton Group,2013-09-18 00:00:00+00,,
2,227,GHE Solar Ltd,2012-10-17 00:00:00+00,,
3,227,GHE Solar Ltd,2013-04-17 00:00:00+00,,
2,228,Windows Plus,2013-03-20 00:00:00+00,,
3,228,Windows Plus,2014-04-16 00:00:00+00,,
2,229,Green Eco Grants Ltd,2014-02-19 00:00:00+00,,
3,229,Green Eco Grants Ltd,2014-02-19 00:00:00+00,,
2,230,Greendeal-Lynx,2013-12-18 00:00:00+00,,
2,231,Central Gas Maintenance Ltd,2015-01-21 00:00:00+00,,
3,231,Central Gas Maintenance Ltd,2015-01-21 00:00:00+00,,
2,232,Greenexo Ltd,2013-10-16 00:00:00+00,,
3,232,Greenexo Ltd,2013-10-16 00:00:00+00,,
2,233,Greenoke Energy Ltd,2013-07-17 00:00:00+00,,
3,233,Greenoke Energy Ltd,2013-07-17 00:00:00+00,,
2,234,SERS Energy Solutions Ltd,2014-08-20 00:00:00+00,,
3,234,SERS Energy Solutions Ltd,2014-08-20 00:00:00+00,,
2,235,Gr33n Ltd,2013-01-16 00:00:00+00,,
3,235,Gr33n Ltd,2014-11-19 00:00:00+00,,
2,236,Green Deal Savings Ltd,2013-08-14 00:00:00+00,,
3,236,Green Deal Savings Ltd,2014-04-16 00:00:00+00,,
2,237,Gentoo,2012-07-18 00:00:00+00,,
3,237,Gentoo,2012-07-18 00:00:00+00,,
2,238,Green Energy Solutions UK Ltd,2014-03-19 00:00:00+00,,
3,238,Green Energy Solutions UK Ltd,2014-03-19 00:00:00+00,,
2,239,Greenvision Energy Ltd,2013-03-20 00:00:00+00,,
2,240,Glasgow Green Global Limited,2014-05-14 00:00:00+00,,
3,240,Glasgow Green Global,2014-07-16 00:00:00+00,,
2,241,Dyson Energy Services Ltd,2013-06-19 00:00:00+00,,
2,242,GZ Energy Solutions,2013-12-18 00:00:00+00,,
3,242,GZ Energy Solutions,2014-08-20 00:00:00+00,,
2,243,Happy Energy,2013-07-17 00:00:00+00,,
2,244,HELMS Ltd,2012-11-14 00:00:00+00,,
3,244,HELMS Ltd,2013-08-14 00:00:00+00,,
2,245,Herbert T Forrest Ltd,2013-07-17 00:00:00+00,,
3,245,Herbert T Forrest Ltd,2014-01-22 00:00:00+00,,
2,246,High Oak Green Investments Ltd,2013-03-20 00:00:00+00,,
3,246,High Oak Green Investments Ltd,2013-05-15 00:00:00+00,,
2,247,Help-Link UK Limited,2014-03-19 00:00:00+00,,
3,247,Help-Link UK Limited,2014-03-19 00:00:00+00,,
2,248,Green Leaf Homes Ltd,2014-11-19 00:00:00+00,,
3,248,Green Leaf Homes Ltd,2014-11-19 00:00:00+00,,
2,249,Housing Action Management Ltd,2013-03-20 00:00:00+00,,
3,249,Housing Action Management Ltd,2013-09-18 00:00:00+00,,
2,250,MW Heating & Pumping Ltd,2014-11-19 00:00:00+00,,
3,250,MW Heating & Plumbing Ltd,2014-11-19 00:00:00+00,,
2,251,Halltech Electrical Services,2013-12-18 00:00:00+00,,
3,251,Halltech Electrical Services,2013-12-18 00:00:00+00,,
2,252,Home Energy UK,2014-10-15 00:00:00+00,,
3,252,Home Energy UK,2014-10-15 00:00:00+00,,
2,253,Heatwave Energy Funding Ltd,2014-12-17 00:00:00+00,,
3,253,Heatwave Energy Funding Ltd,2014-12-17 00:00:00+00,,
2,254,Green Deal Initiative Ltd,2014-08-20 00:00:00+00,,
3,254,Green Deal Initiative Ltd,2014-08-20 00:00:00+00,,
2,255,Infinity Energy Org,2012-10-17 00:00:00+00,,
3,255,Infinity Energy Org,2013-02-20 00:00:00+00,,
2,256,Incentive FM,2014-02-19 00:00:00+00,,
3,256,Incentive FM,2014-02-19 00:00:00+00,,
2,257,Insta Group,2012-07-18 00:00:00+00,,
3,257,Insta Group,2012-07-18 00:00:00+00,,
2,258,Ipex Investments,2013-05-15 00:00:00+00,,
2,259,A&M Energy Solutions Ltd,2013-11-20 00:00:00+00,,
3,259,A&M Energy Solutions Ltd,2013-02-20 00:00:00+00,,
2,260,BTU Installation & Maintenance,2014-12-17 00:00:00+00,,
3,260,BTU Installation & Maintenance,2014-12-17 00:00:00+00,,
2,261,Infinite Energy UK Ltd,2013-05-15 00:00:00+00,,
3,261,Infinite Energy UK Ltd,2013-05-15 00:00:00+00,,
2,262,Inteb Sustainability Limited,2012-10-17 00:00:00+00,,
3,262,Inteb Sustainability,2013-04-17 00:00:00+00,,
2,263,Isothane Ltd,2014-06-18 00:00:00+00,,
3,263,Isothane Ltd,2014-06-18 00:00:00+00,,
2,264,Kingfisher Future Homes,2012-07-18 00:00:00+00,,
3,264,Kingfisher Future Homes,2012-07-18 00:00:00+00,,
2,265,Kernow Loans Ltd,2013-01-16 00:00:00+00,,
3,265,Kernow Loans Ltd,2013-12-18 00:00:00+00,,
2,266,Keepmoat,2012-07-18 00:00:00+00,,
3,266,Keepmoat,2013-09-18 00:00:00+00,,
2,267,KNW Partnership Limited,2014-10-15 00:00:00+00,,
3,267,KNW Partnership Limited,2014-10-15 00:00:00+00,,
2,268,UKSS Renewable Energy Services,2013-07-17 00:00:00+00,,
3,268,UKSS Renewable Energy Services,2013-07-17 00:00:00+00,,
2,269,Low Carbon Finance Ltd,2013-01-16 00:00:00+00,,
3,269,Low Carbon Finance Ltd,2013-09-18 00:00:00+00,,
2,270,Local Energy,2012-10-17 00:00:00+00,,
3,270,Local Energy,2014-03-19 00:00:00+00,,
2,271,STL Heating and Energy Ltd,2014-03-19 00:00:00+00,,
3,271,STL Heating and Energy Ltd,2014-03-19 00:00:00+00,,
2,272,Larkfleet Ltd,2013-11-20 00:00:00+00,,
3,272,Larkfleet Ltd,2013-11-20 00:00:00+00,,
2,273,Sustain Ltd,2014-03-19 00:00:00+00,,
3,273,Sustain Ltd,2014-03-19 00:00:00+00,,
2,274,Ludu Energy Ltd,2014-03-19 00:00:00+00,,
3,274,Ludu Energy Ltd,2014-03-19 00:00:00+00,,
2,275,Marshall Brown Energy Ltd,2013-12-18 00:00:00+00,,
3,275,Marshall Brown Energy Ltd,2013-12-18 00:00:00+00,,
2,276,Merseyside Central Heating Ltd,2014-06-18 00:00:00+00,,
3,276,Merseyside Central Heating Ltd,2014-06-18 00:00:00+00,,
2,277,Mark Group Ltd,2012-07-18 00:00:00+00,,
3,277,Mark Group Ltd,2012-07-18 00:00:00+00,,
2,278,Move2Green Limited,2014-05-14 00:00:00+00,,
3,278,Move2Green Limited,2014-05-14 00:00:00+00,,
2,279,MEB Total Ltd,2012-11-14 00:00:00+00,,
3,279,MEB Total Ltd,2012-11-14 00:00:00+00,,
2,280,New Eco Developments Limited,2014-08-20 00:00:00+00,,
3,280,New Eco Developments Limited,2014-08-20 00:00:00+00,,
2,281,Nationwide Energy Consultants,2012-09-19 00:00:00+00,,
3,281,Nationwide Energy Consultants,2013-10-16 00:00:00+00,,
2,282,Network Green Deal Ltd,2012-10-17 00:00:00+00,,
3,282,Network Green Deal Ltd,2012-10-17 00:00:00+00,,
2,283,British Gas Trading Limited,2013-02-20 00:00:00+00,,
3,283,British Gas Trading Limited,2013-02-20 00:00:00+00,,
2,284,Npower Northern Limited,2013-09-18 00:00:00+00,,
3,284,Npower Northern Limited,2013-09-18 00:00:00+00,,
2,285,1 North Ltd,2013-07-17 00:00:00+00,,
3,285,1 North Ltd,2013-07-17 00:00:00+00,,
2,286,NEIL_PITTAM_ELECTRICAL_LTD,2013-04-17 00:00:00+00,,
3,286,NEIL_PITTAM_ELECTRICAL_LTD,2014-11-19 00:00:00+00,,
2,287,Northern Gas Heating Ltd,2014-03-19 00:00:00+00,,
3,287,Northern Gas Heating Ltd,2014-03-19 00:00:00+00,,
2,288,Nationwide Solar Ltd,2013-02-20 00:00:00+00,,
3,288,Nationwide Solar Ltd,2013-02-20 00:00:00+00,,
2,289,1 Business Enterprise Ltd,2012-12-19 00:00:00+00,,
2,290,Osborne Energy Ltd,2013-02-20 00:00:00+00,,
3,290,Osborne Energy Ltd,2013-04-17 00:00:00+00,,
2,291,OUR GENERATION LIMITED,2012-08-15 00:00:00+00,,
3,291,OUR GENERATION LIMITED,2012-08-15 00:00:00+00,,
2,292,OM2 Solutions Ltd,2013-11-20 00:00:00+00,,
3,292,OM2 Solutions Ltd,2013-11-20 00:00:00+00,,
2,293,One Green Place Ltd,2014-08-20 00:00:00+00,,
3,293,One Green Place Ltd,2014-08-20 00:00:00+00,,
2,294,Opus Green Limited,2013-09-18 00:00:00+00,,
3,294,Opus Green Limited,2013-09-18 00:00:00+00,,
2,295,One Stop Energy Ltd,2013-12-18 00:00:00+00,,
3,295,One Stop Energy Ltd,2013-12-18 00:00:00+00,,
2,296,PECT Consultancy Limited,2013-04-17 00:00:00+00,,
3,296,PECT Consultancy Ltd,2013-09-18 00:00:00+00,,
2,297,Physis Energy Ltd,2012-10-17 00:00:00+00,,
3,297,Physis Energy Ltd,2013-09-18 00:00:00+00,,
2,298,Complete Plumbing Clean Energy,2013-09-18 00:00:00+00,,
3,298,Complete Plumbing Clean Energy,2013-09-18 00:00:00+00,,
2,299,Plumb-Line Contracting Ltd,2013-12-18 00:00:00+00,,
3,299,Plumb-Line Contracting Ltd,2013-12-18 00:00:00+00,,
2,300,Green Deal Provider Network,2012-12-19 00:00:00+00,,
3,300,Green Deal Provider Network,2012-12-19 00:00:00+00,,
2,301,Polyramek Energy Ltd,2013-02-20 00:00:00+00,,
2,302,Premier Energy Solutions Ltd,2014-06-18 00:00:00+00,,
3,302,Premier Energy Solutions Ltd,2014-06-18 00:00:00+00,,
2,303,Green Deal Property Services,2013-12-18 00:00:00+00,,
2,304,GDProvider Ltd,2014-04-16 00:00:00+00,,
3,304,GDProvider Ltd,2014-04-16 00:00:00+00,,
2,305,Quodox Energy Ltd,2013-12-18 00:00:00+00,,
3,305,Quodox Energy Ltd,2014-05-14 00:00:00+00,,
2,306,ReEnergise Finance Ltd.,2012-07-18 00:00:00+00,,
3,306,ReEnergise Finance Ltd.,2012-07-18 00:00:00+00,,
2,307,Rural Green Deal Ltd,2014-03-19 00:00:00+00,,
3,307,Rural Green Deal Ltd,2014-03-19 00:00:00+00,,
2,308,Renewable Infrastructure Ltd,2012-11-14 00:00:00+00,,
2,309,R.I.S. Insulation Ltd,2013-12-18 00:00:00+00,,
3,309,R.I.S. Insulation Ltd,2013-12-18 00:00:00+00,,
2,310,Renew Property,2013-08-14 00:00:00+00,,
3,310,Renew Property,2013-08-14 00:00:00+00,,
2,311,The Ridgeway Partnership,2013-01-16 00:00:00+00,,
3,311,The Ridgeway Partnership,2013-09-18 00:00:00+00,,
3,312,RateSetter,2012-11-14 00:00:00+00,,
2,313,Rexel UK Limited,2013-12-18 00:00:00+00,,
2,314,Sutton Solar & Renewables Ltd,2013-06-19 00:00:00+00,,
2,315,SEHBAC Ltd,2013-11-20 00:00:00+00,,
3,315,SEHBAC Ltd,2013-11-20 00:00:00+00,,
2,316,Scenergy Ltd,2013-02-20 00:00:00+00,,
3,316,Scenergy Ltd,2013-02-20 00:00:00+00,,
3,317,Energy Save Direct,2013-02-20 00:00:00+00,,
2,318,G2V Solar Energy Solutions Ltd,2012-12-19 00:00:00+00,,
2,319,Safeguard Group,2013-07-17 00:00:00+00,,
3,319,Safeguard Group,2013-07-17 00:00:00+00,,
2,320,The Green Deal Shop.com Ltd,2013-04-17 00:00:00+00,,
3,320,The Green Deal Shop.com Ltd,2013-10-16 00:00:00+00,,
2,321,SIG GDP Company Ltd,2013-02-20 00:00:00+00,,
3,321,SIG GDP Company Ltd,2013-08-14 00:00:00+00,,
2,322,Star Building Contractors Limited,2014-05-14 00:00:00+00,,
3,322,Star Building Contractors Limited,2014-05-14 00:00:00+00,,
2,323,Solar City Limited,2014-05-14 00:00:00+00,,
3,323,Solar City Limited,2014-05-14 00:00:00+00,,
2,324,Servicetotal Ltd,2013-01-16 00:00:00+00,,
3,324,Servicetotal Ltd,2013-09-18 00:00:00+00,,
2,325,British Gas New Heating,2013-06-19 00:00:00+00,,
3,325,British Gas New Heating,2013-06-19 00:00:00+00,,
2,326,Solas Scotland Ltd,2013-06-19 00:00:00+00,,
2,327,SSE Green Deal Provider Limited,2013-11-20 00:00:00+00,,
3,327,SSE Green Deal Provider Limited,2013-11-20 00:00:00+00,,
2,328,Green Deal Providers Scotland Ltd,2014-12-17 00:00:00+00,,
3,328,Green Deal Providers Scotland Ltd,2014-12-17 00:00:00+00,,
2,329,Solus Renewable Energy Ltd,2012-12-19 00:00:00+00,,
3,329,Solus Renewable Energy Ltd,2013-09-18 00:00:00+00,,
2,330,Silverstone Green Energy Ltd,2012-11-14 00:00:00+00,,
2,331,Stroma Energy Limited,2012-07-18 00:00:00+00,,
3,331,Stroma Energy Limited,2012-07-18 00:00:00+00,,
2,332,Centre for Sustainable Energy,2013-05-15 00:00:00+00,,
2,333,Severn Wye Energy Agency,2013-12-18 00:00:00+00,,
2,334,Solarwise Renewables Ltd,2013-02-20 00:00:00+00,,
3,334,Solarwise Renewables Ltd,2013-02-20 00:00:00+00,,
2,335,Sunsource Energy Limited,2014-05-14 00:00:00+00,,
3,335,Sunsource Energy Limited,2014-05-14 00:00:00+00,,
2,336,Gas Elec Safety Systems Ltd,2014-03-19 00:00:00+00,,
3,336,Gas Elec Safety Systems Ltd,2014-03-19 00:00:00+00,,
2,337,British Gas New Heating,2013-06-19 00:00:00+00,,
3,337,British Gas New Heating,2013-06-19 00:00:00+00,,
2,338,Tameside Energy Services,2013-08-14 00:00:00+00,,
2,339,City Satellite Limited,2014-03-19 00:00:00+00,,
3,339,City Satellite Limited,2014-03-19 00:00:00+00,,
2,340,Tempo Insulation Services Limited,2014-05-14 00:00:00+00,,
3,340,Tempo Insulation Services Limited,2014-05-14 00:00:00+00,,
2,341,TIC Green Energy Limited,2014-05-14 00:00:00+00,,
3,341,TIC Green Energy Limited,2014-05-14 00:00:00+00,,
2,342,Team 42 Ltd,2013-12-18 00:00:00+00,,
3,342,Team 42 Ltd,2013-12-18 00:00:00+00,,
2,343,Toriga Energy Ltd,2012-07-18 00:00:00+00,,
3,343,Toriga Energy Ltd,2012-08-15 00:00:00+00,,
2,344,Tees Property Solutions Ltd,2014-01-22 00:00:00+00,,
3,344,Tees Property Solutions Ltd,2014-01-22 00:00:00+00,,
2,345,Toriga Energy Ltd,2015-01-21 00:00:00+00,,
3,345,Toriga Energy Ltd,2015-01-21 00:00:00+00,,
2,346,Strathern Solutions Limited,2014-05-14 00:00:00+00,,
3,346,Strathern Solutions Limited,2014-05-14 00:00:00+00,,
2,347,UCS Renewables,2013-02-20 00:00:00+00,,
3,347,UCS Renewables,2014-05-14 00:00:00+00,,
2,348,UK Energy Partners Ltd,2013-06-19 00:00:00+00,,
3,348,UK Energy Partners Ltd,2013-06-19 00:00:00+00,,
2,349,Green Deal Union Ltd,2013-12-18 00:00:00+00,,
3,349,Green Deal Union Ltd,2015-01-21 00:00:00+00,,
2,350,Green Deal Upgrade Limited,2014-05-14 00:00:00+00,,
3,350,Green Deal Upgrade Limited,2014-05-14 00:00:00+00,,
2,351,Utd Sustainable Energy Agency,2012-08-15 00:00:00+00,,
2,352,Save Co2 Limited,2013-11-20 00:00:00+00,,
3,352,Save Co2 Ltd,2013-11-20 00:00:00+00,,
2,353,Green Vision Energy Limited,2014-05-14 00:00:00+00,,
2,354,Volta Green Deal,2013-03-20 00:00:00+00,,
3,354,Volta Green Deal,2013-08-14 00:00:00+00,,
2,355,Wetherby Building Systems Limited,2014-05-14 00:00:00+00,,
3,355,Wetherby Building Systems Limited,2014-05-14 00:00:00+00,,
2,356,Willmott Dixon Energy Services,2013-05-15 00:00:00+00,,
3,356,Willmott Dixon Energy Services,2013-05-15 00:00:00+00,,
2,357,Warmer Energy Services Limited,2014-08-20 00:00:00+00,,
3,357,Warmer Energy Services Limited,2014-08-20 00:00:00+00,,
2,358,Warmfill Limited,2013-10-16 00:00:00+00,,
3,358,Warmfill Limited,2013-10-16 00:00:00+00,,
2,359,The Warmer Group Ltd,2014-01-22 00:00:00+00,,
3,359,The Warmer Group Ltd,2014-01-22 00:00:00+00,,
2,360,Warmer Home Finance Ltd,2014-03-19 00:00:00+00,,
3,360,Warmer Home Finance Ltd,2014-03-19 00:00:00+00,,
2,361,Willerby Energy Organisation Ltd,2015-01-21 00:00:00+00,,
3,361,Willerby Energy Organisation Ltd,2015-01-21 00:00:00+00,,
2,362,WhiteGold Renewables Ltd,2014-02-19 00:00:00+00,,
3,362,WhiteGold Renewables Ltd,2014-02-19 00:00:00+00,,
2,363,Westdale Services Limited,2013-09-18 00:00:00+00,,
3,363,Westdale Services Limited,2013-09-18 00:00:00+00,,
2,364,Wolseley UK,2012-11-14 00:00:00+00,,
3,364,Wolseley UK,2012-11-14 00:00:00+00,,
2,365,Work Work Ltd,2013-03-20 00:00:00+00,,
3,365,Work Work Ltd,2014-02-19 00:00:00+00,,
2,366,Xenon Professionals Ltd,2013-10-16 00:00:00+00,,
3,366,Xenon Professionals Ltd,2013-10-16 00:00:00+00,,
2,367,Yorkshire Energy Services,2012-07-18 00:00:00+00,,
2,368,Your Green Deal Provider Ltd,2013-02-20 00:00:00+00,,
3,368,Your Green Deal Provider Ltd,2014-02-19 00:00:00+00,,
33,369,Utilita Energy Limited,2004-06-04 00:00:00+00,,
33,371,Gazprom Marketing & Trading Retail Ltd,2009-04-16 00:00:00+00,,
1,372,Garsington Energy Limited,2013-09-18 00:00:00+00,,
33,372,Garsington Energy Limited,2010-07-14 00:00:00+00,,
4,374,Energetics Electricity Ltd,2006-12-22 00:00:00+00,,
25,374,Energetics Electricity Ltd,2005-06-03 00:00:00+00,,
27,374,Energetics Electricity Ltd,2005-06-03 00:00:00+00,,26
34,375,Ventureforth House,2000-08-11 00:00:00+00,,
4,376,HARLAXTON ENERGY NETWORKS LTD,2014-09-05 00:00:00+00,,
19,376,HARLAXTON ENERGY NETWORKS LTD,2014-09-05 00:00:00+00,,
25,376,HARLAXTON ENERGY NETWORKS LTD,2014-09-05 00:00:00+00,,
27,376,HARLAXTON ENERGY NETWORKS LTD,2014-09-05 00:00:00+00,,29
33,377,Haven Power Limited,2006-12-01 00:00:00+00,,
33,381,Holborn Energy Limited,2013-03-20 00:00:00+00,,
6,382,HP Enterprise Services UK LTD,2013-12-18 00:00:00+00,,
33,383,Haven Power Limited,2010-02-17 00:00:00+00,,
33,384,Hudson Energy Supply UK Ltd,2012-03-15 00:00:00+00,,
1,386,SSE Plc,2012-07-20 00:00:00+00,,
4,386,Scottish Hydro-Electric Distribution Ltd,1997-10-01 00:00:00+00,,
8,386,Inveralmond House,2003-04-17 00:00:00+00,,
10,386,Scottish & Southern Metering,1996-04-01 00:00:00+00,,
11,386,Scottish & Southern Metering Ltd,1996-04-01 00:00:00+00,,
12,386,SSE Plc,1996-04-01 00:00:00+00,,
13,386,Scottish & Southern Metering,1996-04-01 00:00:00+00,,
18,386,Inveralmond House,1997-10-01 00:00:00+00,,
19,386,Inveralmond House,1997-10-01 00:00:00+00,,
22,386,Scottish and Southern Metering,1996-04-01 00:00:00+00,,
23,386,Inveralmond House,1997-10-01 00:00:00+00,,
24,386,Inveralmond House,1997-10-01 00:00:00+00,,
25,386,Inveralmond House,1996-04-01 00:00:00+00,,
26,386,Inveralmond House,1997-10-01 00:00:00+00,,
27,386,Scottish Hydro-Electric Distribution Ltd,1996-04-01 00:00:00+00,,17
29,386,Inveralmond House,1997-10-01 00:00:00+00,,
31,386,Grampian House,1997-10-01 00:00:00+00,,
32,386,Emmock Road,1997-10-01 00:00:00+00,,
33,386,SSE Plc,1996-04-01 00:00:00+00,,
34,386,Inveralmond House,1996-04-01 00:00:00+00,,
34,387,The Heath,1999-08-20 00:00:00+00,,
5,388,ICTIS (UK) Ltd,2013-04-17 00:00:00+00,,
33,390,SSE Plc,1998-09-01 00:00:00+00,,
33,391,INEOS Chlor Energy Ltd,1996-04-01 00:00:00+00,,
1,392,Npower Direct Limited NHH,2012-07-20 00:00:00+00,,
33,392,NPOWER DIRECT LTD NHH,1996-04-01 00:00:00+00,,
4,395,Independent Power Networks Limited,2004-08-01 00:00:00+00,,
19,395,Independent Power Networks Limited,2004-08-01 00:00:00+00,,
25,395,Independent Power Networks Limited,2004-08-01 00:00:00+00,,
27,395,Independent Power Networks Limited,2004-08-01 00:00:00+00,,24
31,397,Itron Metering Solutions UK,2013-04-17 00:00:00+00,,
33,398,Hudson Energy Supply UK Ltd,2013-05-15 00:00:00+00,,
33,399,Jetstream Energy Supply Ltd,2013-08-14 00:00:00+00,,
33,401,Kensington Power Limited,2013-03-20 00:00:00+00,,
7,405,Lowri Beck Services Ltd,2006-12-22 00:00:00+00,,
8,405,Lowri Beck Services Ltd,2008-02-05 00:00:00+00,,
11,405,Lowri Beck Services Limited,2008-01-11 00:00:00+00,,
13,405,Lowri Beck Services Ltd,2008-02-05 00:00:00+00,,
22,405,Lowri Beck Services Limited,2008-01-11 00:00:00+00,,
6,406,CGI IT UK Limited,2013-09-18 00:00:00+00,,
7,406,CGI IT UK Limited,2006-09-01 00:00:00+00,,
31,406,CGI IT UK Limited,2006-09-01 00:00:00+00,,
4,409,ESP Electricity Limited,2008-09-02 00:00:00+00,,
19,409,ESP Electricity Ltd,2006-12-22 00:00:00+00,,
22,409,ESP Electricity Limited,2010-10-01 00:00:00+00,,
25,409,ESP Electricity Ltd,2005-04-01 00:00:00+00,,
27,409,ESP Electricity Ltd,2005-04-01 00:00:00+00,,25
33,410,MVV Environment Services Limited,2013-08-14 00:00:00+00,,
1,411,EDF Energy,2012-05-16 00:00:00+00,,
4,411,London Power Networks,1999-01-29 00:00:00+00,,
7,411,EDF Energy Customer Field Services,2009-11-18 00:00:00+00,,
8,411,London Power Networks,2003-04-17 00:00:00+00,,
11,411,EDF Energy Customer Field Services,1996-04-01 00:00:00+00,,
13,411,EDF Energy Customer Field Services,1996-04-01 00:00:00+00,,
19,411,London Power Networks,1996-04-01 00:00:00+00,,
22,411,EDF Energy Customer Field Services,1996-04-01 00:00:00+00,,
25,411,London Power Networks,1996-04-01 00:00:00+00,,
27,411,London Power Networks,1996-04-01 00:00:00+00,,12
31,411,Gadeon House,1996-04-01 00:00:00+00,,
32,411,London Power Networks,1996-04-01 00:00:00+00,,
33,411,EDF Energy,1996-04-01 00:00:00+00,,
33,412,Epower Supply Ltd,2014-05-14 00:00:00+00,,
33,413,GNERGY Limited,2009-11-18 00:00:00+00,,
33,414,MA Energy Ltd,2009-08-19 00:00:00+00,,
33,415,MA Energy Ltd,2014-10-15 00:00:00+00,,
33,416,DONG Energy Power Sales UK Ltd,2011-06-15 00:00:00+00,,
34,418,P O Box 177,2000-08-11 00:00:00+00,,
1,419,Scottish Power Energy Retail Ltd,2012-07-20 00:00:00+00,,
4,419,SP Manweb Plc,1998-11-13 00:00:00+00,,
5,419,SP Dataserve Ltd,1998-11-13 00:00:00+00,,
7,419,ScottishPower Energy Retail Limited,2013-09-18 00:00:00+00,,
8,419,SP Manweb Plc,2003-05-29 00:00:00+00,,
11,419,SP Dataserve Ltd,1996-04-01 00:00:00+00,,
13,419,SP Dataserve Ltd,1996-04-01 00:00:00+00,,
18,419,SP Manweb Plc,1998-11-13 00:00:00+00,,
19,419,SP Manweb Plc.,1996-04-01 00:00:00+00,,
22,419,SP Dataserve Ltd,1996-04-01 00:00:00+00,,
25,419,SP Manweb Plc.,1996-04-01 00:00:00+00,,
27,419,SP Manweb Plc,1996-04-01 00:00:00+00,,13
31,419,Scottish Power Energy Retail Ltd,1998-11-13 00:00:00+00,,
32,419,SP Dataserve Ltd,1996-04-01 00:00:00+00,,
33,419,Scottish Power Energy Retail Ltd,1996-04-01 00:00:00+00,,
33,420,MARBLE POWER LIMITED,2013-09-18 00:00:00+00,,
7,423,E.ON UK Energy Services Limited,2003-07-25 00:00:00+00,,
7,424,E.ON UK Energy Services Limited,2003-07-25 00:00:00+00,,
7,425,Metering Services Ltd,2003-07-25 00:00:00+00,,
8,426,Metering Services Ltd,2003-05-29 00:00:00+00,,
7,427,E.ON UK Energy Services Limited,2003-07-25 00:00:00+00,,
8,428,Meter Fit Assets Limited,2011-07-20 00:00:00+00,,
8,429,Meter Fit Ltd,2010-06-16 00:00:00+00,,
8,430,Meter Fit Ltd,2010-06-16 00:00:00+00,,
8,432,MERIDIAN INFRASTRUCTURE,2014-05-14 00:00:00+00,,
1,433,Npower Limited,2012-07-20 00:00:00+00,,
4,433,Western Power Distribution West Midlands,1998-11-09 00:00:00+00,,
8,433,Western Power Distribution West Midlands,2003-04-17 00:00:00+00,,
10,433,E.ON UK Energy Services Limited,2002-08-09 00:00:00+00,,
11,433,E.ON UK Energy Services Limited,1996-04-01 00:00:00+00,,
12,433,E.ON UK Energy Services Limited,2002-08-09 00:00:00+00,,
13,433,E.ON UK Energy Services Limited,1996-04-01 00:00:00+00,,
19,433,Western Power Distribution West Midlands,1998-11-09 00:00:00+00,,
22,433,E.ON UK Energy Services Limited,1996-04-01 00:00:00+00,,
25,433,Western Power Distribution West Midlands,1996-04-01 00:00:00+00,,
27,433,Western Power Distribution West Midlands,1996-04-01 00:00:00+00,,14
31,433,National Power (Energy Co.) Limited,1996-04-01 00:00:00+00,,
32,433,Western Power Distribution West Midlands,1998-11-09 00:00:00+00,,
33,433,NPOWER LTD,1996-04-01 00:00:00+00,,
34,433,Midlands Electricity plc,1998-11-09 00:00:00+00,,
8,434,G4S Utility Services (UK) Ltd,2010-09-15 00:00:00+00,,
8,435,Macquarie Leasing Limited,2010-03-17 00:00:00+00,,
33,438,MSCGI c/o Morgan Stanley & Co.  Int. Ltd,2006-04-01 00:00:00+00,,
1,439,Npower Limited,2012-07-20 00:00:00+00,,
8,439,NPOWER LTD,2003-07-25 00:00:00+00,,
12,439,npower Ltd,2011-12-14 00:00:00+00,,
22,439,NPOWER LTD,2009-08-19 00:00:00+00,,
33,439,Npower Ltd,1996-04-01 00:00:00+00,,
1,440,npower Northern Limited,2012-07-20 00:00:00+00,,
2,440,npower,2012-09-19 00:00:00+00,,
4,440,Northern Powergrid (Northeast) Ltd,2006-03-24 00:00:00+00,,
5,440,Npower Ltd,2010-10-20 00:00:00+00,,
8,440,Northern Powergrid (Northeast) Ltd,2003-04-17 00:00:00+00,,
10,440,npower Northern Limited,1996-04-01 00:00:00+00,,
11,440,npower Northern Limited,1996-04-01 00:00:00+00,,
12,440,npower Northern Limited,1996-04-01 00:00:00+00,,
13,440,npower Northern Limited,1996-04-01 00:00:00+00,,
19,440,Northern Powergrid (Northeast) Ltd,1998-10-01 00:00:00+00,,
22,440,npower Northern Limited,1996-04-01 00:00:00+00,,
25,440,Northern Powergrid (Northeast) Ltd,1996-04-01 00:00:00+00,,
27,440,Northern Powergrid (Northeast) Limited,1996-04-01 00:00:00+00,,15
31,440,npower Northern Limited,1998-10-01 00:00:00+00,,
32,440,npower Northern Limited,1998-10-01 00:00:00+00,,
33,440,npower Northern Limited,1996-04-01 00:00:00+00,,
1,441,British Energy Direct Limited,2012-05-16 00:00:00+00,,
33,441,British Energy Direct Limited,1996-04-01 00:00:00+00,,
34,441,British Energy Generation Ltd,2004-07-09 00:00:00+00,,
29,445,185 Park Street,1996-04-01 00:00:00+00,,
34,447,Windmill Hill Business Park,2000-03-28 00:00:00+00,,
6,449,NONE,2013-12-18 00:00:00+00,,
1,450,E.ON UK,2012-08-15 00:00:00+00,,
4,450,Electricity North West Limited,1998-11-13 00:00:00+00,,
5,450,Amey Metering Limited,1998-11-13 00:00:00+00,,
8,450,Electricity North West Limited,2003-04-17 00:00:00+00,,
11,450,E.ON UK Energy Services Limited,1996-04-01 00:00:00+00,,
13,450,E.ON UK Energy Services Limited,1996-04-01 00:00:00+00,,
19,450,Electricity North West Limited,1998-11-13 00:00:00+00,,
22,450,Amey Metering Limited,1996-04-01 00:00:00+00,,
25,450,Electricity North West Limited,1996-04-01 00:00:00+00,,
27,450,Electricity North West Limited,1996-04-01 00:00:00+00,,16
31,450,Manchester Rd,1998-11-13 00:00:00+00,,
32,450,Electricity North West Limited,1998-11-13 00:00:00+00,,
33,450,E.ON Energy Ltd,1996-04-01 00:00:00+00,,
8,451,Northern Powergrid Metering,2013-08-14 00:00:00+00,,
31,452,INNOGY Plc,2008-01-11 00:00:00+00,,
34,452,Windmill Hill Business Park,2000-05-03 00:00:00+00,,
34,453,Windmill Hill Business Park,2000-03-28 00:00:00+00,,
33,454,Nuclear Decommissioning Authority Ltd,1996-04-01 00:00:00+00,,
33,455,Addito Supply Limited,2012-10-17 00:00:00+00,,
33,456,British Gas Trading Ltd,2003-07-25 00:00:00+00,,
9,457,Orange Limited,2011-02-24 00:00:00+00,,
22,458,OnStream,2009-06-12 00:00:00+00,2014-03-19 00:00:00+00,
7,459,UMS Ltd (trading as OnStream),2006-12-22 00:00:00+00,,
8,459,UMS Ltd (trading as OnStream),2006-12-22 00:00:00+00,,
11,459,UMS Ltd (trading as OnStream),2009-01-14 00:00:00+00,,
13,459,UMS Ltd (trading as OnStream),2009-01-14 00:00:00+00,2012-08-15 00:00:00+00,
22,459,UMS Ltd (trading as OnStream),2006-12-22 00:00:00+00,2014-03-19 00:00:00+00,
7,460,35 Homer Road,2005-11-18 00:00:00+00,,
8,460,35 Homer Road,2003-05-23 00:00:00+00,,
9,461,O2,2011-02-24 00:00:00+00,,
33,462,OVO Energy,2009-08-19 00:00:00+00,,
1,463,Opus Energy Limited,2012-07-20 00:00:00+00,,
33,463,Opus Energy Limited,2002-08-09 00:00:00+00,,
33,464,Paddington Power Limited,2013-09-18 00:00:00+00,,
34,465,Westwood Way,2000-03-28 00:00:00+00,,
5,466,Power Data Assoiates Ltd,2006-02-10 00:00:00+00,,
1,469,E.ON UK,2012-08-15 00:00:00+00,,
33,469,EON Energy Solutions Limited,1996-04-01 00:00:00+00,,
34,469,53 New Broad Street,1999-03-17 00:00:00+00,,
5,470,PLEXUS TECHNOLOGY LIMITED,2007-07-13 00:00:00+00,,
7,470,PLEXUS TECHNOLOGY LIMITED,2007-07-13 00:00:00+00,,
8,470,PLEXUS TECHNOLOGY LIMITED,2007-07-13 00:00:00+00,,
8,471,Npower Yorkshire Ltd (MeterPlus),2003-05-23 00:00:00+00,,
35,473,338 Euston Road,1996-04-01 00:00:00+00,,
8,474,PRI Ltd,2005-04-29 00:00:00+00,,
31,475,PRI Ltd,2005-04-29 00:00:00+00,,
33,476,Good Energy Limited,2003-01-24 00:00:00+00,,
34,476,Good Energy Limited,2004-04-01 00:00:00+00,,
33,477,The Royal Bank of Scotland,2008-03-11 00:00:00+00,2012-06-26 00:00:00+00,
33,478,REGENT POWER LIMITED,2013-09-18 00:00:00+00,,
33,480,The Renewable Energy Company Ltd,1996-04-01 00:00:00+00,,
9,482,Dummy Id for Roaming SIMs,2012-03-14 00:00:00+00,,
34,484,Wherstead Business Park,2000-11-10 00:00:00+00,,
33,485,GDF SUEZ Marketing Ltd,2002-02-22 00:00:00+00,,
34,487,Shoreham Power Station,2000-05-03 00:00:00+00,,
7,490,Secus ltd,2009-04-16 00:00:00+00,,
1,491,EDF Energy,2012-05-16 00:00:00+00,,
4,491,South Eastern Power Networks,2005-11-18 00:00:00+00,,
7,491,EDF Energy Customer Field Services,2000-05-03 00:00:00+00,,
8,491,South Eastern Power Networks,2003-04-17 00:00:00+00,,
11,491,EDF Energy Customer Field Services,1996-04-01 00:00:00+00,,
13,491,EDF Energy Customer Field Services,1996-04-01 00:00:00+00,,
19,491,South Eastern Power Networks,2000-08-11 00:00:00+00,,
22,491,EDF Energy Customer Field Services,1996-04-01 00:00:00+00,,
25,491,South Eastern Power Networks,1996-04-01 00:00:00+00,,
27,491,South Eastern Power Networks,1996-04-01 00:00:00+00,,19
31,491,Gadeon House,1999-04-23 00:00:00+00,,
32,491,South Eastern Power Networks,2011-01-19 00:00:00+00,,
33,491,EDF Energy,1996-04-01 00:00:00+00,,
16,494,SESL,1996-04-01 00:00:00+00,,
34,494,SESL,1998-11-09 00:00:00+00,,
7,496,Siemens Operational Services,2009-08-19 00:00:00+00,,
8,496,Siemens Operational Services,2003-05-23 00:00:00+00,,
11,496,Siemens Operational Services,2003-06-20 00:00:00+00,,
13,496,Siemens Operational Services,2003-06-20 00:00:00+00,,
22,496,Siemens Operational Services,2003-06-20 00:00:00+00,,
31,496,Hortonwood 30,2001-10-19 00:00:00+00,,
33,497,Sirocco Energy Supply Limited,2013-08-14 00:00:00+00,,
33,499,SmartestEnergy Ltd,2012-06-20 00:00:00+00,,
8,500,Ovo Energy,2013-08-14 00:00:00+00,,
33,501,SmartestEnergy Limited,2002-01-18 00:00:00+00,,
6,502,Secure Meters (UK) Limited,2013-12-18 00:00:00+00,,
8,503,Smart Metering Management Ltd,2014-11-19 00:00:00+00,,
1,505,SSE Plc,2012-07-20 00:00:00+00,,
2,505,SSE Plc,2012-07-20 00:00:00+00,,
4,505,SSE Plc,1999-01-29 00:00:00+00,,
5,505,SSE Plc,1999-01-29 00:00:00+00,,
8,505,SSE Plc,2003-04-17 00:00:00+00,,
11,505,SSE Plc,1996-04-01 00:00:00+00,,
13,505,SSE Plc,1996-04-01 00:00:00+00,,
19,505,SSE Plc,1996-04-01 00:00:00+00,,
22,505,SSE Plc,1996-04-01 00:00:00+00,,
25,505,SSE Plc,1996-04-01 00:00:00+00,,
27,505,Southern Electric Power Distribution Plc,1996-04-01 00:00:00+00,,20
31,505,SSE Plc,1996-04-01 00:00:00+00,,
32,505,SSE Plc,1996-04-01 00:00:00+00,,
33,505,SSE Plc,1996-04-01 00:00:00+00,,
1,506,Scottish Power Energy Retail Ltd,2012-07-20 00:00:00+00,,
2,506,Scottish Power Energy Retail Ltd,2012-07-18 00:00:00+00,,
3,506,ScottishPower,2013-04-17 00:00:00+00,,
4,506,SP Distribution Ltd,1998-11-13 00:00:00+00,,
5,506,SP Dataserve Ltd,1998-11-13 00:00:00+00,,
7,506,ScottishPower Energy Retail Limited,2013-09-18 00:00:00+00,,
8,506,SP Distribution Ltd,2003-05-29 00:00:00+00,,
10,506,SP Dataserve Ltd,1996-04-01 00:00:00+00,,
11,506,SP Dataserve Ltd,1996-04-01 00:00:00+00,,
12,506,SP Dataserve Ltd,1996-04-01 00:00:00+00,,
13,506,SP Dataserve Ltd,1996-04-01 00:00:00+00,,
18,506,SP Distribution Ltd,1998-11-13 00:00:00+00,,
19,506,SP Distribution Ltd,1996-04-01 00:00:00+00,,
22,506,SP Dataserve Ltd,1996-04-01 00:00:00+00,,
23,506,SP Distribution Ltd,1996-04-01 00:00:00+00,,
24,506,SP Distribution Ltd,1996-04-01 00:00:00+00,,
25,506,SP Distribution Ltd,1996-04-01 00:00:00+00,,
26,506,SP Distribution Ltd,1996-04-01 00:00:00+00,,
27,506,SP Distribution Ltd,1996-04-01 00:00:00+00,,18
29,506,SP Transmission Ltd,1996-04-01 00:00:00+00,,
31,506,Scottish Power Energy Retail Ltd,1998-11-13 00:00:00+00,,
32,506,SP Dataserve Ltd,1996-04-01 00:00:00+00,,
33,506,Scottish Power Energy Retail Ltd,1996-04-01 00:00:00+00,,
34,506,1 Atlantic Quay,1996-04-01 00:00:00+00,,
33,507,Spark Energy Supply Ltd,2008-01-11 00:00:00+00,,
7,508,Stark Software,2005-04-29 00:00:00+00,,
10,508,Stark Software International Ltd,2001-07-20 00:00:00+00,,
11,508,Stark Software International,2009-05-11 00:00:00+00,,
12,508,Stark Software International Ltd,2001-07-20 00:00:00+00,,
13,508,Stark Software International,2009-05-11 00:00:00+00,,
22,509,Sierra Support Services Group Ltd,2015-01-21 00:00:00+00,,
33,510,Statkraft Markets GmbH,2010-10-20 00:00:00+00,,
35,511,4-6 Church Walk,1996-04-01 00:00:00+00,,
1,512,SSE Plc,2012-07-20 00:00:00+00,,
4,512,Western Power Distribution - South Wales,1998-11-09 00:00:00+00,,
5,512,Western Power Distribution - South Wales,1998-11-09 00:00:00+00,,
19,512,Western Power Distribution - South Wales,1998-11-09 00:00:00+00,,
25,512,Western Power Distribution - South Wales,1996-04-01 00:00:00+00,,
27,512,Western Power Distribution - South Wales,1996-04-01 00:00:00+00,,21
31,512,Newport Road,1998-11-09 00:00:00+00,,
32,512,Western Power Distribution - South Wales,1998-11-09 00:00:00+00,2012-01-18 00:00:00+00,
33,512,SSE Plc,1996-04-01 00:00:00+00,,
1,513,EDF Energy,2012-05-16 00:00:00+00,,
4,513,Western Power Distribution (South West),1998-10-01 00:00:00+00,,
5,513,Western Power Distribution,1998-10-01 00:00:00+00,,
7,513,EDF Energy Customer Field Services,2009-11-18 00:00:00+00,,
11,513,EDF Energy Customer Field Services,1996-04-01 00:00:00+00,,
13,513,EDF Energy Customer Field Services,1996-04-01 00:00:00+00,,
19,513,Western Power Distribution (South West),1998-11-27 00:00:00+00,,
22,513,WPD Smart metering Ltd,1996-04-01 00:00:00+00,,
25,513,Western Power Distribution (South West),1996-04-01 00:00:00+00,,
27,513,Western Power Distribution (South West),1996-04-01 00:00:00+00,,22
31,513,Gadeon House,1998-11-27 00:00:00+00,,
32,513,Gadeon House,1998-11-27 00:00:00+00,,
33,513,EDF Energy,1996-04-01 00:00:00+00,,
33,514,Symbio Energy LTD,2012-11-29 00:00:00+00,,
34,514,Symbio Energy LTD,2014-09-17 00:00:00+00,,
33,517,The Team Group of Companies UK Limited,2004-02-20 00:00:00+00,,
33,519,Total Gas and Power Ltd,2000-10-20 00:00:00+00,,
33,520,Corona Energy,2014-01-22 00:00:00+00,,
9,521,T-Mobile,2011-02-24 00:00:00+00,,
33,522,Power4All Limited,2007-12-07 00:00:00+00,,
7,523,TruRead Limited,2008-10-07 00:00:00+00,,
7,524,Utility Data Management Services,2009-01-14 00:00:00+00,,
10,524,TMA Data Management Ltd,2007-04-05 00:00:00+00,,
11,524,TMA Data Management Ltd,2006-09-01 00:00:00+00,,
12,524,TMA Data Management Ltd,2007-04-05 00:00:00+00,,
13,524,TMA Data Management Ltd,2009-01-14 00:00:00+00,,
7,525,Harston Mills Campus,2006-02-10 00:00:00+00,,
8,525,17 High Street,2003-09-19 00:00:00+00,,
8,526,Utility Funding Limited,2011-03-16 00:00:00+00,,
7,527,Scorpio,2006-09-01 00:00:00+00,,
8,527,IMServ Europe Ltd,2003-08-01 00:00:00+00,,
10,527,IMServ Europe Ltd,1996-04-01 00:00:00+00,,
11,527,IMServ Europe Ltd,2005-05-01 00:00:00+00,,
12,527,IMServ Europe Ltd,1996-04-01 00:00:00+00,,
13,527,IMServ Europe Ltd,2005-05-01 00:00:00+00,,
15,527,Scorpio,1996-04-01 00:00:00+00,,
20,527,IMServ Europe Ltd,2004-06-05 00:00:00+00,,
22,527,IMServ Europe Ltd,2005-05-01 00:00:00+00,,
28,527,Scorpio,1996-04-01 00:00:00+00,,
7,531,PRI House,2006-10-06 00:00:00+00,,
8,531,PRI House,2006-11-17 00:00:00+00,,
22,531,Utilita Meter Operations Ltd,2007-04-05 00:00:00+00,,
31,531,PRI House,2006-10-06 00:00:00+00,,
7,532,Utility Partnership Ltd,2007-10-12 00:00:00+00,,
8,532,Utility Partnership Ltd,2009-04-01 00:00:00+00,,
11,532,Utility Partnership Ltd,2008-03-11 00:00:00+00,,
13,532,Utility Partnership Ltd,2008-03-11 00:00:00+00,,
22,532,Utility Partnership Ltd,2009-04-01 00:00:00+00,,
10,533,Utility Partnership Ltd,2011-09-29 00:00:00+00,2011-11-16 00:00:00+00,
10,533,Utility Partnership Ltd,2012-07-18 00:00:00+00,,
12,533,Utility Partnership Ltd,2011-09-29 00:00:00+00,2011-11-16 00:00:00+00,
12,533,Utility Partnership Ltd,2012-07-18 00:00:00+00,,
22,533,Utility Partnership Ltd,2011-09-29 00:00:00+00,2011-11-16 00:00:00+00,
22,533,Utility Partnership Ltd,2012-07-18 00:00:00+00,,
10,534,Utility Partnership Ltd,2011-11-16 00:00:00+00,,
12,534,Utility Partnership Ltd,2011-11-16 00:00:00+00,,
22,534,Utility Partnership Ltd,2011-11-16 00:00:00+00,,
8,535,Amey Metering Limited,2010-10-20 00:00:00+00,,
35,536,9A Margaret Street,2001-05-25 00:00:00+00,,
8,537,Amey Metering Limited,2010-10-20 00:00:00+00,,
8,538,Amey Metering Limited,2007-07-13 00:00:00+00,,
8,539,Amey Metering Limited,2003-05-23 00:00:00+00,,
22,539,Amey Metering Limited,2003-04-17 00:00:00+00,,
33,541,VAVU Power Ltd,2014-11-19 00:00:00+00,,
33,542,Vattenfall Energy Trading GmbH,2014-01-22 00:00:00+00,,
9,543,Vodafone Ltd,2011-02-24 00:00:00+00,,
33,544,The Co-operative Energy Ltd,2009-11-18 00:00:00+00,,
34,545,Wherstead Business Park,2000-11-10 00:00:00+00,,
8,549,Western Power Distribution,2011-09-14 00:00:00+00,2012-01-18 00:00:00+00,
8,550,Western Power Distribution,2004-03-19 00:00:00+00,,
8,551,Western Power Distribution (South West),2003-04-17 00:00:00+00,,
8,552,Western Power Distribution (South Wales),2003-04-17 00:00:00+00,,
8,553,Western Power Distribution,2011-09-14 00:00:00+00,2012-01-18 00:00:00+00,
34,554,16 Avon Reach,2004-06-04 00:00:00+00,,
1,557,Npower Yorkshire Supply Limited,2012-07-20 00:00:00+00,,
4,557,Northern Powergrid (Yorkshire) plc,2006-03-24 00:00:00+00,,
7,557,Npower Yorkshire Ltd,2003-12-19 00:00:00+00,,
8,557,Northern Powergrid (Yorkshire) Ltd,2003-04-17 00:00:00+00,,
11,557,Npower Yorkshire Ltd,1996-04-01 00:00:00+00,,
13,557,Npower Yorkshire Ltd,1996-04-01 00:00:00+00,,
19,557,Northern Powergrid (Yorkshire) Ltd,1996-04-01 00:00:00+00,,
22,557,npower Yorkshire Ltd,1996-04-01 00:00:00+00,,
25,557,Northern Powergrid (Yorkshire) Ltd,1996-04-01 00:00:00+00,,
27,557,Northern Powergrid (Yorkshire) plc,1996-04-01 00:00:00+00,,23
31,557,Wetherby Road,1996-04-01 00:00:00+00,,
32,557,Wetherby Road,1996-04-01 00:00:00+00,,
33,557,NPOWER YORKSHIRE SUPPLY LTD,1996-04-01 00:00:00+00,,
10,589,Scorpio,2000-07-07 00:00:00+00,,
