"Meter Timeswitch Class Id","Effective From Settlement Date {MTC}","Effective To Settlement Date {MTC}","Meter Timeswitch Class Description","MTC Common Code Indicator","MTC Related Metering System Indicator","MTC Meter Type Id","MTC Payment Type Id","MTC Communication Indicator","MTC Type Indicator","MTC TPR Count"
"1","01/04/1996","","","F","F","","","","",""
"2","01/04/1996","","","F","F","","","","",""
"3","01/04/1996","","","F","F","","","","",""
"4","01/04/1996","","","F","F","","","","",""
"5","01/04/1996","","","F","F","","","","",""
"6","01/04/1996","","","F","F","","","","",""
"7","01/04/1996","","","F","F","","","","",""
"8","01/04/1996","","","F","F","","","","",""
"9","01/04/1996","","","F","F","","","","",""
"10","01/04/1996","","","F","F","","","","",""
"11","01/04/1996","","","F","F","","","","",""
"12","01/04/1996","","","F","F","","","","",""
"13","01/04/1996","","","F","F","","","","",""
"14","01/04/1996","","","F","F","","","","",""
"15","01/04/1996","","","F","F","","","","",""
"16","01/04/1996","","","F","F","","","","",""
"17","01/04/1996","","","F","F","","","","",""
"18","01/04/1996","","","F","F","","","","",""
"19","01/04/1996","","","F","F","","","","",""
"20","01/04/1996","","","F","F","","","","",""
"21","01/04/1996","","","F","F","","","","",""
"22","01/04/1996","","","F","F","","","","",""
"23","01/04/1996","","","F","F","","","","",""
"24","01/04/1996","","","F","F","","","","",""
"25","01/04/1996","","","F","F","","","","",""
"26","01/04/1996","","","F","F","","","","",""
"27","01/04/1996","","","F","F","","","","",""
"28","01/04/1996","","","F","F","","","","",""
"29","01/04/1996","","","F","F","","","","",""
"30","01/04/1996","","","F","F","","","","",""
"31","01/04/1996","","","F","F","","","","",""
"32","01/04/1996","","","F","F","","","","",""
"33","01/04/1996","","","F","F","","","","",""
"34","01/04/1996","","","F","F","","","","",""
"35","01/04/1996","","","F","F","","","","",""
"36","01/04/1996","","","F","F","","","","",""
"37","01/04/1996","","","F","F","","","","",""
"38","01/04/1996","","","F","F","","","","",""
"39","01/04/1996","","","F","F","","","","",""
"40","01/04/1996","","","F","F","","","","",""
"41","01/04/1996","","","F","F","","","","",""
"42","01/04/1996","","","F","F","","","","",""
"43","01/04/1996","","","F","F","","","","",""
"44","01/04/1996","","","F","F","","","","",""
"45","01/04/1996","","","F","F","","","","",""
"46","01/04/1996","","","F","F","","","","",""
"47","01/04/1996","","","F","F","","","","",""
"48","01/04/1996","","","F","F","","","","",""
"49","01/04/1996","","","F","F","","","","",""
"50","01/04/1996","","","F","F","","","","",""
"51","01/04/1996","","","F","F","","","","",""
"52","01/04/1996","","","F","F","","","","",""
"53","01/04/1996","","","F","F","","","","",""
"54","01/04/1996","","","F","F","","","","",""
"55","01/04/1996","","","F","F","","","","",""
"56","01/04/1996","","","F","F","","","","",""
"57","01/04/1996","","","F","F","","","","",""
"58","01/04/1996","","","F","F","","","","",""
"59","01/04/1996","","","F","F","","","","",""
"60","01/04/1996","","","F","F","","","","",""
"61","01/04/1996","","","F","F","","","","",""
"62","01/04/1996","","","F","F","","","","",""
"63","01/04/1996","","","F","F","","","","",""
"64","01/04/1996","","","F","F","","","","",""
"65","01/04/1996","","","F","F","","","","",""
"66","01/04/1996","","","F","F","","","","",""
"67","01/04/1996","","","F","F","","","","",""
"68","01/04/1996","","","F","F","","","","",""
"69","01/04/1996","","","F","F","","","","",""
"70","01/04/1996","","","F","F","","","","",""
"71","01/04/1996","","","F","F","","","","",""
"72","01/04/1996","","","F","F","","","","",""
"73","01/04/1996","","","F","F","","","","",""
"74","01/04/1996","","","F","F","","","","",""
"75","01/04/1996","","","F","F","","","","",""
"76","01/04/1996","","","F","F","","","","",""
"77","01/04/1996","","","F","F","","","","",""
"78","01/04/1996","","","F","F","","","","",""
"79","01/04/1996","","","F","F","","","","",""
"80","01/04/1996","","","F","F","","","","",""
"81","01/04/1996","","","F","F","","","","",""
"82","01/04/1996","","","F","F","","","","",""
"83","01/04/1996","","","F","F","","","","",""
"84","01/04/1996","","","F","F","","","","",""
"85","01/04/1996","","","F","F","","","","",""
"86","01/04/1996","","","F","F","","","","",""
"87","01/04/1996","","","F","F","","","","",""
"88","01/04/1996","","","F","F","","","","",""
"89","01/04/1996","","","F","F","","","","",""
"90","01/04/1996","","","F","F","","","","",""
"91","01/04/1996","","","F","F","","","","",""
"92","01/04/1996","","","F","F","","","","",""
"93","01/04/1996","","","F","F","","","","",""
"94","01/04/1996","","","F","F","","","","",""
"95","01/04/1996","","","F","F","","","","",""
"96","01/04/1996","","","F","F","","","","",""
"97","01/04/1996","","","F","F","","","","",""
"98","01/04/1996","","","F","F","","","","",""
"99","01/04/1996","","","F","F","","","","",""
"100","01/04/1996","","","F","F","","","","",""
"101","01/04/1996","","","F","F","","","","",""
"102","01/04/1996","","","F","F","","","","",""
"103","01/04/1996","","","F","F","","","","",""
"104","01/04/1996","","","F","F","","","","",""
"105","01/04/1996","","","F","F","","","","",""
"106","01/04/1996","","","F","F","","","","",""
"107","01/04/1996","","","F","F","","","","",""
"108","01/04/1996","","","F","F","","","","",""
"109","01/04/1996","","","F","F","","","","",""
"110","01/04/1996","","","F","F","","","","",""
"111","01/04/1996","","","F","F","","","","",""
"112","01/04/1996","","","F","F","","","","",""
"113","01/04/1996","","","F","F","","","","",""
"114","01/04/1996","","","F","F","","","","",""
"115","01/04/1996","","","F","F","","","","",""
"116","10/11/2000","","","F","F","","","","",""
"117","10/11/2000","","","F","F","","","","",""
"118","01/04/1996","","","F","F","","","","",""
"119","01/04/1996","","","F","F","","","","",""
"120","01/04/1996","","","F","F","","","","",""
"121","01/04/1996","","","F","F","","","","",""
"122","01/04/1996","","","F","F","","","","",""
"123","01/04/1996","","","F","F","","","","",""
"124","01/04/1996","","","F","F","","","","",""
"125","01/04/1996","","","F","F","","","","",""
"126","01/04/1996","","","F","F","","","","",""
"127","01/04/1996","","","F","F","","","","",""
"128","01/04/1996","","","F","F","","","","",""
"129","01/04/1996","","","F","F","","","","",""
"130","01/04/1996","","","F","F","","","","",""
"131","01/04/1996","","","F","F","","","","",""
"132","01/04/1996","","","F","F","","","","",""
"133","01/04/1996","","","F","F","","","","",""
"134","01/04/1996","","","F","F","","","","",""
"135","01/04/1996","","","F","F","","","","",""
"136","01/04/1996","","","F","F","","","","",""
"137","01/04/1996","","","F","F","","","","",""
"138","01/04/1996","","","F","F","","","","",""
"139","01/04/1996","","","F","F","","","","",""
"140","01/04/1996","","","F","F","","","","",""
"141","01/04/1996","","","F","F","","","","",""
"142","01/04/1996","","","F","F","","","","",""
"143","01/04/1996","","","F","F","","","","",""
"144","01/04/1996","","","F","F","","","","",""
"145","01/04/1996","","","F","F","","","","",""
"146","01/04/1996","","","F","F","","","","",""
"147","01/04/1996","","","F","F","","","","",""
"148","01/04/1996","","","F","F","","","","",""
"149","01/04/1996","","","F","F","","","","",""
"150","01/04/1996","","","F","F","","","","",""
"151","01/04/1996","","","F","F","","","","",""
"152","01/04/1996","","","F","F","","","","",""
"153","01/04/1996","","","F","F","","","","",""
"154","01/04/1996","","","F","F","","","","",""
"155","01/04/1996","","","F","F","","","","",""
"156","01/04/1996","","","F","F","","","","",""
"157","01/04/1996","","","F","F","","","","",""
"158","01/04/1996","","","F","F","","","","",""
"166","01/04/1996","","","F","F","","","","",""
"167","01/04/1996","","","F","F","","","","",""
"168","01/04/1996","","","F","F","","","","",""
"169","01/04/1996","","","F","F","","","","",""
"176","01/04/1996","","","F","F","","","","",""
"177","01/04/1996","","","F","F","","","","",""
"178","01/04/1996","","","F","F","","","","",""
"179","01/04/1996","","","F","F","","","","",""
"180","01/04/1996","","","F","F","","","","",""
"181","01/04/1996","","","F","F","","","","",""
"182","01/04/1996","","","F","F","","","","",""
"183","01/04/1996","","","F","F","","","","",""
"184","01/04/1996","","","F","F","","","","",""
"185","01/04/1996","","","F","F","","","","",""
"186","01/04/1996","","","F","F","","","","",""
"187","01/04/1996","","","F","F","","","","",""
"188","01/04/1996","","","F","F","","","","",""
"189","01/04/1996","","","F","F","","","","",""
"190","01/04/1996","","","F","F","","","","",""
"191","01/04/1996","","","F","F","","","","",""
"192","01/04/1996","","","F","F","","","","",""
"193","01/04/1996","","","F","F","","","","",""
"194","01/04/1996","","","F","F","","","","",""
"195","01/04/1996","","","F","F","","","","",""
"196","01/04/1996","","","F","F","","","","",""
"197","01/04/1996","","","F","F","","","","",""
"200","01/04/1996","","","F","F","","","","",""
"201","01/04/1996","","","F","F","","","","",""
"203","01/04/1996","","","F","F","","","","",""
"204","01/04/1996","","","F","F","","","","",""
"205","01/04/1996","","","F","F","","","","",""
"207","01/04/1996","","","F","F","","","","",""
"208","01/04/1996","","","F","F","","","","",""
"209","01/04/1996","","","F","F","","","","",""
"211","01/04/1996","","","F","F","","","","",""
"212","01/04/1996","","","F","F","","","","",""
"213","01/04/1996","","","F","F","","","","",""
"214","01/04/1996","","","F","F","","","","",""
"215","01/04/1996","","","F","F","","","","",""
"216","01/04/1996","","","F","F","","","","",""
"217","01/04/1996","","","F","F","","","","",""
"220","01/04/1996","","","F","F","","","","",""
"221","01/04/1996","","","F","F","","","","",""
"222","01/04/1996","","","F","F","","","","",""
"223","01/04/1996","","","F","F","","","","",""
"252","01/04/1996","","","F","F","","","","",""
"253","01/04/1996","","","F","F","","","","",""
"260","01/04/1996","","","F","F","","","","",""
"261","01/04/1996","","","F","F","","","","",""
"262","01/04/1996","","","F","F","","","","",""
"263","01/04/1996","","","F","F","","","","",""
"264","01/04/1996","","","F","F","","","","",""
"265","01/04/1996","","","F","F","","","","",""
"272","08/07/2005","","","F","F","","","","",""
"273","08/07/2005","","","F","F","","","","",""
"274","01/04/1996","","","F","F","","","","",""
"275","08/07/2005","","","F","F","","","","",""
"276","01/04/1996","","","F","F","","","","",""
"277","08/07/2005","","","F","F","","","","",""
"278","10/02/2006","","","F","F","","","","",""
"279","01/04/1996","","","F","F","","","","",""
"280","21/06/2002","","","F","F","","","","",""
"281","21/06/2002","","","F","F","","","","",""
"282","21/06/2002","","","F","F","","","","",""
"283","21/06/2002","","","F","F","","","","",""
"284","21/06/2002","","","F","F","","","","",""
"285","21/06/2002","","","F","F","","","","",""
"286","14/03/2003","","","F","F","","","","",""
"287","14/03/2003","","","F","F","","","","",""
"288","03/03/2006","","","F","F","","","","",""
"289","03/03/2006","","","F","F","","","","",""
"290","03/03/2006","","","F","F","","","","",""
"291","03/03/2006","","","F","F","","","","",""
"292","07/12/2007","","","F","F","","","","",""
"500","01/04/1996","","NHH Unrestricted 1-rate Non-Prog Credit Meter","T","T","UN","CR","N","N","1"
"501","01/04/1996","","NHH Unrestricted 1-rate Prog Credit Meter","T","T","UP","CR","N","N","1"
"502","01/04/1996","","Related Unmetered Continuous - Flat Profile","T","T","UM","CR","N","N","2"
"503","01/04/1996","","Related Unmetered Dawn to Dusk","T","T","UM","CR","N","N","2"
"504","01/04/1996","","Related Unmetered Dusk to Dawn","T","T","UM","CR","N","N","2"
"505","01/04/1996","","Related Unmetered Half Night And Pre-Dawn","T","T","UM","CR","N","N","2"
"506","01/04/1996","","Unmetered Reserved - Site Specific","T","T","UM","CR","N","X",""
"510","01/04/1996","","","F","T","","","","",""
"511","01/04/1996","","","F","T","","","","",""
"512","01/04/1996","","","F","T","","","","",""
"513","01/04/1996","","","F","T","","","","",""
"514","01/04/1996","","","F","T","","","","",""
"515","01/04/1996","","","F","T","","","","",""
"516","01/04/1996","","","F","T","","","","",""
"517","01/04/1996","","","F","T","","","","",""
"518","01/04/1996","","","F","T","","","","",""
"519","01/04/1996","","","F","T","","","","",""
"520","01/04/1996","","","F","T","","","","",""
"521","01/04/1996","","","F","T","","","","",""
"522","01/04/1996","","","F","T","","","","",""
"523","01/04/1996","","","F","T","","","","",""
"524","01/04/1996","","","F","T","","","","",""
"525","01/04/1996","","","F","T","","","","",""
"526","01/04/1996","","","F","T","","","","",""
"527","01/04/1996","","","F","T","","","","",""
"528","01/04/1996","","","F","T","","","","",""
"529","01/04/1996","","","F","T","","","","",""
"530","01/04/1996","","","F","T","","","","",""
"531","01/04/1996","","","F","T","","","","",""
"532","01/04/1996","","","F","T","","","","",""
"533","01/04/1996","","","F","T","","","","",""
"534","01/04/1996","","","F","T","","","","",""
"535","01/04/1996","","","F","T","","","","",""
"536","01/04/1996","","","F","T","","","","",""
"537","01/04/1996","","","F","T","","","","",""
"538","01/04/1996","","","F","T","","","","",""
"539","01/04/1996","","","F","T","","","","",""
"540","01/04/1996","","","F","T","","","","",""
"541","01/04/1996","","","F","T","","","","",""
"542","01/04/1996","","","F","T","","","","",""
"543","01/04/1996","","","F","T","","","","",""
"544","01/04/1996","","","F","T","","","","",""
"545","01/04/1996","","","F","T","","","","",""
"546","01/04/1996","","","F","T","","","","",""
"547","01/04/1996","","","F","T","","","","",""
"548","01/04/1996","","","F","T","","","","",""
"549","01/04/1996","","","F","T","","","","",""
"550","01/04/1996","","","F","T","","","","",""
"551","01/04/1996","","","F","T","","","","",""
"552","01/04/1996","","","F","T","","","","",""
"553","01/04/1996","","","F","T","","","","",""
"554","01/04/1996","","","F","T","","","","",""
"555","01/04/1996","","","F","T","","","","",""
"556","01/04/1996","","","F","T","","","","",""
"557","01/04/1996","","","F","T","","","","",""
"558","01/04/1996","","","F","T","","","","",""
"559","01/04/1996","","","F","T","","","","",""
"560","01/04/1996","","","F","T","","","","",""
"561","01/04/1996","","","F","T","","","","",""
"562","01/04/1996","","","F","T","","","","",""
"563","01/04/1996","","","F","T","","","","",""
"564","01/04/1996","","","F","T","","","","",""
"565","01/04/1996","","","F","T","","","","",""
"566","01/04/1996","","","F","T","","","","",""
"567","01/04/1996","","","F","T","","","","",""
"568","01/04/1996","","","F","T","","","","",""
"569","01/04/1996","","","F","T","","","","",""
"570","01/04/1996","","","F","T","","","","",""
"571","01/04/1996","","","F","T","","","","",""
"572","01/04/1996","","","F","T","","","","",""
"573","01/04/1996","","","F","T","","","","",""
"574","01/04/1996","","","F","T","","","","",""
"575","01/04/1996","","","F","T","","","","",""
"576","01/04/1996","","","F","T","","","","",""
"577","01/04/1996","","","F","T","","","","",""
"578","01/04/1996","","","F","T","","","","",""
"579","01/04/1996","","","F","T","","","","",""
"580","01/04/1996","","","F","T","","","","",""
"581","01/04/1996","","","F","T","","","","",""
"582","01/04/1996","","","F","T","","","","",""
"583","01/04/1996","","","F","T","","","","",""
"584","01/04/1996","","","F","T","","","","",""
"585","01/04/1996","","","F","T","","","","",""
"586","01/04/1996","","","F","T","","","","",""
"587","01/04/1996","","","F","T","","","","",""
"588","01/04/1996","","","F","T","","","","",""
"589","01/04/1996","","","F","T","","","","",""
"590","01/04/1996","","","F","T","","","","",""
"591","01/04/1996","","","F","T","","","","",""
"592","01/04/1996","","","F","T","","","","",""
"593","01/04/1996","","","F","T","","","","",""
"594","01/04/1996","","","F","T","","","","",""
"595","01/04/1996","","","F","T","","","","",""
"596","01/04/1996","","","F","T","","","","",""
"597","01/04/1996","","","F","T","","","","",""
"598","01/04/1996","","","F","T","","","","",""
"599","01/04/1996","","","F","T","","","","",""
"600","01/04/1996","","","F","T","","","","",""
"601","01/04/1996","","","F","T","","","","",""
"602","01/04/1996","","","F","T","","","","",""
"603","01/04/1996","","","F","T","","","","",""
"604","01/04/1996","","","F","T","","","","",""
"605","01/04/1996","","","F","T","","","","",""
"606","01/04/1996","","","F","T","","","","",""
"607","01/04/1996","","","F","T","","","","",""
"608","01/04/1996","","","F","T","","","","",""
"609","01/04/1996","","","F","T","","","","",""
"610","01/04/1996","","","F","T","","","","",""
"611","01/04/1996","","","F","T","","","","",""
"612","01/04/1996","","","F","T","","","","",""
"613","01/04/1996","","","F","T","","","","",""
"614","01/04/1996","","","F","T","","","","",""
"615","01/04/1996","","","F","T","","","","",""
"616","01/04/1996","","","F","T","","","","",""
"617","01/04/1996","","","F","T","","","","",""
"618","01/04/1996","","","F","T","","","","",""
"619","01/04/1996","","","F","T","","","","",""
"620","01/04/1996","","","F","T","","","","",""
"621","01/04/1996","","","F","T","","","","",""
"622","01/04/1996","","","F","T","","","","",""
"623","01/04/1996","","","F","T","","","","",""
"624","01/04/1996","","","F","T","","","","",""
"625","01/04/1996","","","F","T","","","","",""
"626","01/04/1996","","","F","T","","","","",""
"627","01/04/1996","","","F","T","","","","",""
"628","01/04/1996","","","F","T","","","","",""
"629","01/04/1996","","","F","T","","","","",""
"630","01/04/1996","","","F","T","","","","",""
"631","01/04/1996","","","F","T","","","","",""
"632","01/04/1996","","","F","T","","","","",""
"633","01/04/1996","","","F","T","","","","",""
"634","01/04/1996","","","F","T","","","","",""
"635","01/04/1996","","","F","T","","","","",""
"636","01/04/1996","","","F","T","","","","",""
"637","01/04/1996","","","F","T","","","","",""
"638","01/04/1996","","","F","T","","","","",""
"639","01/04/1996","","","F","T","","","","",""
"640","01/04/1996","","","F","T","","","","",""
"641","01/04/1996","","","F","T","","","","",""
"642","01/04/1996","","","F","T","","","","",""
"643","01/04/1996","","","F","T","","","","",""
"644","01/04/1996","","","F","T","","","","",""
"645","01/04/1996","","","F","T","","","","",""
"646","01/04/1996","","","F","T","","","","",""
"647","01/04/1996","","","F","T","","","","",""
"648","01/04/1996","","","F","T","","","","",""
"649","01/04/1996","","","F","T","","","","",""
"650","01/04/1996","","","F","T","","","","",""
"651","01/04/1996","","","F","T","","","","",""
"652","01/04/1996","","","F","T","","","","",""
"653","01/04/1996","","","F","T","","","","",""
"654","01/04/1996","","","F","T","","","","",""
"655","01/04/1996","","","F","T","","","","",""
"656","01/04/1996","","","F","T","","","","",""
"657","01/04/1996","","","F","T","","","","",""
"658","01/04/1996","","","F","T","","","","",""
"659","01/04/1996","","","F","T","","","","",""
"660","01/04/1996","","","F","T","","","","",""
"661","01/04/1996","","","F","T","","","","",""
"662","01/04/1996","","","F","T","","","","",""
"663","01/04/1996","","","F","T","","","","",""
"664","01/04/1996","","","F","T","","","","",""
"665","01/04/1996","","","F","T","","","","",""
"666","01/04/1996","","","F","T","","","","",""
"667","01/04/1996","","","F","T","","","","",""
"668","01/04/1996","","","F","T","","","","",""
"669","01/04/1996","","","F","T","","","","",""
"670","01/04/1996","","","F","T","","","","",""
"671","01/04/1996","","","F","T","","","","",""
"672","01/04/1996","","","F","T","","","","",""
"673","01/04/1996","","","F","T","","","","",""
"674","01/04/1996","","","F","T","","","","",""
"675","01/04/1996","","","F","T","","","","",""
"676","01/04/1996","","","F","T","","","","",""
"677","01/04/1996","","","F","T","","","","",""
"678","01/04/1996","","","F","T","","","","",""
"679","01/04/1996","","","F","T","","","","",""
"680","01/04/1996","","","F","T","","","","",""
"681","01/04/1996","","","F","T","","","","",""
"682","01/04/1996","","","F","T","","","","",""
"683","01/04/1996","","","F","T","","","","",""
"684","01/04/1996","","","F","T","","","","",""
"685","01/04/1996","","","F","T","","","","",""
"686","01/04/1996","","","F","T","","","","",""
"687","01/04/1996","","","F","T","","","","",""
"688","01/04/1996","","","F","T","","","","",""
"689","01/04/1996","","","F","T","","","","",""
"690","01/04/1996","","","F","T","","","","",""
"691","01/04/1996","","","F","T","","","","",""
"692","01/04/1996","","","F","T","","","","",""
"693","01/04/1996","","","F","T","","","","",""
"694","01/04/1996","","","F","T","","","","",""
"695","01/04/1996","","","F","T","","","","",""
"696","01/04/1996","","","F","T","","","","",""
"697","01/04/1996","","","F","T","","","","",""
"698","01/04/1996","","","F","T","","","","",""
"699","01/04/1996","","","F","T","","","","",""
"700","01/04/1996","","","F","T","","","","",""
"701","01/04/1996","","","F","T","","","","",""
"702","01/04/1996","","","F","T","","","","",""
"703","01/04/1996","","","F","T","","","","",""
"704","01/04/1996","","","F","T","","","","",""
"705","01/04/1996","","","F","T","","","","",""
"706","01/04/1996","","","F","T","","","","",""
"707","01/04/1996","","","F","T","","","","",""
"708","01/04/1996","","","F","T","","","","",""
"709","01/04/1996","","","F","T","","","","",""
"710","01/04/1996","","","F","T","","","","",""
"711","01/04/1996","","","F","T","","","","",""
"712","01/04/1996","","","F","T","","","","",""
"713","01/04/1996","","","F","T","","","","",""
"714","01/04/1996","","","F","T","","","","",""
"715","01/04/1996","","","F","T","","","","",""
"716","01/04/1996","","","F","T","","","","",""
"717","01/04/1996","","","F","T","","","","",""
"718","01/04/1996","","","F","T","","","","",""
"719","01/04/1996","","","F","T","","","","",""
"720","01/04/1996","","","F","T","","","","",""
"721","01/04/1996","","","F","T","","","","",""
"722","01/04/1996","","","F","T","","","","",""
"723","10/11/2000","","","F","T","","","","",""
"724","10/11/2000","","","F","T","","","","",""
"725","10/11/2000","","","F","T","","","","",""
"726","10/11/2000","","","F","T","","","","",""
"727","01/04/1996","","","F","T","","","","",""
"728","19/03/2004","","","F","T","","","","",""
"729","16/09/2005","","","F","T","","","","",""
"730","16/09/2005","","","F","T","","","","",""
"740","01/04/1996","","","F","T","","","","",""
"741","01/04/1996","","","F","T","","","","",""
"742","01/04/1996","","","F","T","","","","",""
"743","01/04/1996","","","F","T","","","","",""
"752","01/04/1996","","","F","T","","","","",""
"753","01/04/1996","","","F","T","","","","",""
"760","01/04/1996","","","F","T","","","","",""
"761","01/04/1996","","","F","T","","","","",""
"762","01/04/1996","","","F","T","","","","",""
"763","01/04/1996","","","F","T","","","","",""
"764","01/04/1996","","","F","T","","","","",""
"765","01/04/1996","","","F","T","","","","",""
"772","01/04/1996","","","F","T","","","","",""
"773","01/04/1996","","","F","T","","","","",""
"774","01/04/1996","","","F","T","","","","",""
"775","01/04/1996","","","F","T","","","","",""
"776","01/04/1996","","","F","T","","","","",""
"777","01/04/1996","","","F","T","","","","",""
"778","01/04/1996","","","F","T","","","","",""
"779","01/04/1996","","","F","T","","","","",""
"780","03/06/2005","","","F","T","","","","",""
"781","03/06/2005","","","F","T","","","","",""
"782","03/06/2005","","","F","T","","","","",""
"783","03/06/2005","","","F","T","","","","",""
"800","01/04/1996","","Temporary - No Meter","T","F","NO","OS","N","X",""
"801","01/04/1996","","NHH Unrestricted 1-rate Non-Prog Credit Meter","T","F","UN","CR","N","N","1"
"802","01/04/1996","","NHH Unrestricted 1-rate Prog Credit Meter","T","F","UP","CR","N","N","1"
"803","01/04/1996","","NHH 2-rate 7hrs Night Non-Prog T/S","T","F","TN","CR","N","N","2"
"804","01/04/1996","","NHH 2-rate 7hrs Night Prog T/S","T","F","TP","CR","N","N","2"
"805","01/04/1996","","NHH 2-rate 7hrs Night Non-Prog RTS","T","F","LN","CR","N","N","2"
"806","01/04/1996","","NHH 2-rate 7hrs Night Prog RTS","T","F","LP","CR","N","N","2"
"807","01/04/1996","","NHH 7hr E7 GMT Non-Prog T/S","T","F","TN","CR","N","N","2"
"808","01/04/1996","","NHH 7hr E7 GMT Prog T/S","T","F","TP","CR","N","N","2"
"809","01/04/1996","","NHH 7hr E7 GMT Non-Prog RTS","T","F","LN","CR","N","N","2"
"810","01/04/1996","","NHH 7hr E7 GMT Prog RTS","T","F","LP","CR","N","N","2"
"811","01/04/1996","","NHH 7hr E7 GMT Non-Prog T/S","T","F","TN","CR","N","N","2"
"812","01/04/1996","","NHH 7hr E7 GMT Prog T/S","T","F","TP","CR","N","N","2"
"813","01/04/1996","","NHH 7hr E7 Clocktime Non-Prog RTS","T","F","LN","CR","N","N","2"
"814","01/04/1996","","NHH 7hr E7 GMT Non-Prog RTS","T","F","LN","CR","N","N","2"
"815","01/04/1996","","NHH 7hr E7 GMT Prog RTS","T","F","LP","CR","N","N","2"
"816","01/04/1996","","7hr E7 00:30-07:30 Clocktime Non-Prog T/S","T","F","TN","CR","N","N","2"
"817","01/04/1996","","7hr E7 00:30-07:30 Clocktime Prog T/S","T","F","TP","CR","N","N","2"
"818","01/04/1996","","7hr Off Peak - GMT Non-Prog T/S","T","F","TN","CR","N","N","1"
"819","01/04/1996","","7hr Off Peak - GMT Prog T/S","T","F","TP","CR","N","N","1"
"820","01/04/1996","","8hr Night (2-rate) GMT - Non-Prog T/S","T","F","TN","CR","N","N","2"
"821","01/04/1996","","8hr Night (2-rate) GMT - Prog T/S","T","F","TP","CR","N","N","2"
"822","01/04/1996","","8hr OP 23:00-07:00 GMT Non-Prog T/S","T","F","TN","CR","N","N","1"
"823","01/04/1996","","8hr OP 23:00-07:00 GMT Prog T/S","T","F","TP","CR","N","N","1"
"824","01/04/1996","","8hr Off Peak GMT - Non-Prog T/S","T","F","TN","CR","N","N","1"
"825","01/04/1996","","8hr Off Peak GMT - Prog T/S","T","F","TP","CR","N","N","1"
"826","01/04/1996","","NHH Non-Prog 2r Eve/Weekend Credit Meter and T/S","T","F","TN","CR","N","N","2"
"827","01/04/1996","","NHH Prog 2r Eve/Weekend Credit Meter and T/S","T","F","TP","CR","N","N","2"
"828","01/04/1996","","NHH Non-Prog 3r Eve/Weekend E7 Credit Meter & T/S","T","F","TN","CR","N","N","3"
"829","01/04/1996","","NHH Prog 3r Eve/Weekend E7 Credit Meter and T/S","T","F","TP","CR","N","N","3"
"830","01/04/1996","","E7 Non-Prog TeleMeter And Teleswitch","T","F","LN","CR","N","N","2"
"831","01/04/1996","","E7 Prog TeleMeter And Teleswitch","T","F","LP","CR","N","N","2"
"832","01/04/1996","","Non-Prog 7hr split E7 Teleswitch Group All Common","T","F","LN","CR","N","N","2"
"833","01/04/1996","","Unrestricted 1-rate PPM - Unsupported For Comp","T","F","XX","OS","N","N","1"
"834","01/04/1996","","NHH 2r or more PPM Not Supported For Comp Supply","T","F","XX","OS","N","X",""
"835","01/04/1996","","PP Prog 1-rate Key Meter - Unrestricted","T","F","TP","KM","N","N","1"
"836","01/04/1996","","NHH Prog 1-rate Smart Card Meter","T","F","LP","SM","N","N","1"
"837","01/04/1996","","Unrestricted 1-rate Non-Prog Token PPM","T","F","UN","TS","N","N","1"
"838","01/04/1996","","Unrestricted 1-rate Non-Prog PPM","T","F","UN","TL","N","N","1"
"839","01/04/1996","","Unrestricted 1-rate Prog PPM Token","T","F","TP","TS","N","N","1"
"840","01/04/1996","","Unrestricted 1-rate Prog","T","F","TP","TL","N","N","1"
"841","01/04/1996","","Unrestricted 1-rate Non-Prog PPM Token Acceptor","T","F","UN","TS","N","N","1"
"842","01/04/1996","","Unrestricted Non-Prog Token Acceptor PPM","T","F","UN","TL","N","N","1"
"843","01/04/1996","","NHH 1-rate Prog T/S Token Acceptor","T","F","TP","TS","N","N","1"
"845","01/04/1996","","HH COP5 And Above With Comms","T","F","C5","CR","Y","H",""
"846","01/04/1996","","HH COP5 And Above Without Comms","T","F","C5","CR","N","H",""
"847","01/04/1996","","HH COP6(a) With Comms","T","F","6A","CR","Y","H",""
"848","01/04/1996","","HH COP6(b) With Comms","T","F","6B","CR","Y","H",""
"849","01/04/1996","","HH COP6(c) With Comms","T","F","6C","CR","Y","H",""
"850","01/04/1996","","HH COP6(d) With Comms","T","F","6D","CR","Y","H",""
"851","01/04/1996","","HH COP6(a) Without Comms","T","F","6A","CR","N","H",""
"852","01/04/1996","","HH COP6(b) Without Comms","T","F","6B","CR","N","H",""
"853","01/04/1996","","HH COP6(c) Without Comms","T","F","6C","CR","N","H",""
"854","01/04/1996","","HH COP6(d) Without Comms","T","F","6D","CR","N","H",""
"855","01/04/1996","","HH Code 7 With Comms","T","F","C7","CR","Y","H",""
"856","01/04/1996","","HH Code 7 Without Comms","T","F","C7","CR","N","H",""
"857","01/04/1996","","Unmetered Continuous","T","F","UM","CR","N","N","2"
"858","01/04/1996","","Unmetered - Dawn to Dusk","T","F","UM","CR","N","N","2"
"859","01/04/1996","","Unmetered - Dusk to Dawn","T","F","UM","CR","N","N","2"
"860","01/04/1996","","Unmetered - Half Night Pre-Dawn","T","F","UM","CR","N","N","2"
"861","01/04/1996","","Unmetered Reserved","T","F","UM","CR","N","X",""
"862","01/04/1996","","Site Specific","T","F","SS","CR","N","X",""
"863","01/04/1996","","Unmetered Pseudo HH","T","F","PH","CR","N","H",""
"864","10/11/2000","","Economy 10","T","F","TN","CR","N","N","2"
"865","18/01/2002","","Economy 10","T","F","TP","CR","N","N","2"
"866","28/09/2003","","NHH Export - Micro CHP (Export only meter)","T","F","NE","CR","N","N","1"
"867","28/09/2003","","NHH Export - Micro PV (Export only meter)","T","F","NE","CR","N","N","1"
"868","28/09/2003","","NHH Export - Other Microgen (Export only meter)","T","F","NE","CR","N","N","1"
"869","28/09/2003","","NHH Export - Micro CHP (Import & Export meter)","T","F","IE","CR","N","N","1"
"870","28/09/2003","","NHH Export - Micro PV (Import & Export meter)","T","F","IE","CR","N","N","1"
"871","28/09/2003","","NHH Export - Other Microgen (Import/Export meter)","T","F","IE","CR","N","N","1"
"872","28/04/2006","","7-HOUR E7","T","F","UP","CR","N","N","2"
"873","09/03/2007","","Single Rate AMR","T","F","UP","CR","Y","N","1"
"874","09/03/2007","","Two Rate AMR","T","F","UP","CR","Y","N","2"
"875","05/02/2008","","Economy 10 Key Meter","T","F","TP","KM","N","N","2"
"876","05/02/2008","","Economy 10 Key Meter","T","F","TN","KM","N","N","2"
"890","01/02/2004","","Key Meter","T","F","TP","KM","N","N","2"
"891","17/11/2006","","2 Rate PPM 7 hr Smart","T","F","TP","SM","N","N","2"
"892","17/11/2006","","2 Rate PPM 8 hr Smart","T","F","TP","SM","N","N","2"
"893","12/10/2007","","Key Meter - teleswitched","T","F","LP","KM","N","N","2"
"894","05/02/2008","","Unrestricted Smartcard","T","F","UN","SM","N","N","1"
"895","16/04/2009","","NHH 1ph 1-Rt UNR PRI Liberty Key Pad - R/C PP Mode","T","F","XX","KP","Y","N","1"
"896","16/04/2009","","NHH 1ph 1-Rt UNR PRI Liberty Key Pad - R/C Cr Mode","T","F","XX","CR","Y","N","1"
"998","26/04/2002","","Actual Shared SVA Meter Arrgt","T","F","C5","CR","Y","H",""
"999","26/04/2002","","Pseudo Shared SVA Meter Arrgt","T","F","C5","CR","Y","H",""